Q115950551	UPXZRJUSQJMEJJ-XOIPTKKLSA-N
Q115950562	PWDNWMSVYWFLTF-ZAAXVRCTSA-N
Q115950563	OVIILQQKQPCQTF-JYKNGBAOSA-N
Q115950573	CPHCLMZVTCAVOA-GYWCDFCBSA-N
Q115950579	RSANIRKFWVPAQS-UHFFFAOYSA-N
Q115950591	DTZHRIFDDQELBE-UHFFFAOYSA-N
Q115950592	ADPQFYVGJRTXKK-YMTOWFKASA-N
Q115950593	LDHBLZLTTZFVDZ-ZWKOTPCHSA-N
Q115950594	HDXIKQGPMMNJIT-DEEVERIRSA-N
Q115950595	SXIOJEVKCQPWHX-QXWQYTELSA-N
Q115950600	IJIRIYRJOZNSDB-GLTOIWDDSA-N
Q115950602	NPENPMDVCQGSSO-KULOWOMISA-N
Q115950603	QYJUINXANIOBKV-NWPSBWSYSA-O
Q115950604	SVKUZBZQDMYGEP-VMTLFFCMSA-O
Q115950610	RSDVTBJFCGBNOI-JBBNEOJLSA-N
Q115950612	YJHFAFJKTXEFDR-KOFHJDLBSA-N
Q115950613	JFDNMLUPLXZXGV-MROOQMINSA-N
Q115950620	DYQPBOQOSSSYTE-HXHDRISVSA-N
Q115950621	JAQJQYMDHBSCKO-YAWJYSLYSA-N
Q115950623	LSMIOFMZNVEEBR-OHBKDHIOSA-N
Q115950624	QZOBONFUOPKXNI-MIPSZYPSSA-N
Q115950625	YXAMANJJQIUXMQ-ZFVIQDPVSA-N
Q115950627	NFGDOGRJZAHPDV-AMGIVPHBSA-N
Q115950629	KTZDZZQLJUYTES-PCCJGUQWSA-N
Q115950630	MKGZGCPBKPSTST-LWDLJIPVSA-N
Q115950631	VNLOLXSJMINBIS-BALWLBBVSA-N
Q115950634	UPVDFUGORYNXMW-ASYXGNROSA-N
Q115950635	UPVDFUGORYNXMW-DKBNICPZSA-N
Q115950637	NRLBTXWCRPVKIE-SZPOOFMUSA-N
Q115950638	BFCXCFJUDBNEMU-MOXICKDUSA-N
Q115950639	IMCHSJLXDHJNGT-CDZZHRQNSA-N
Q115950641	AFCDXKGLUDDXCK-PMDCPZMASA-N
Q115950642	WSYAMFPDJDZYOA-OUSNGKMTSA-N
Q115950645	AASIAAVALAOIOH-RAZDUQAMSA-N
Q115950648	IOLQBAHNCVLDFS-SCILXHDFSA-N
Q115950649	SPRJCDJDRBHCDG-QNPRFTCUSA-N
Q115950652	VOXHZFGNVVKUEG-UFFDUGNRSA-N
Q115950653	OBBCHAQRWPNBEC-KDDUUFGDSA-N
Q115950654	MMDUKUSNQNWVET-YKUSDXAVSA-N
Q115950656	HFRLBDIWPZBNMK-XTLQDNLTSA-N
Q115950657	JZGCDCHJHIMHJD-ZKUZGODBSA-N
Q115950660	PWMSPKVTJLJDDS-HIQBTXKXSA-N
Q115950661	XWDHVYPMZCGHNM-VBHWQCTCSA-N
Q115950662	OVMFOVNOXASTPA-YVDOHKSMSA-N
Q115950666	GDQXSAJMDITASZ-IUGBQFMMSA-N
Q115950671	HAJIFDLIYRCSKS-GVFKUQRYSA-O
Q115950673	KTFQEFWNLAUGAX-NUNSGGFLSA-O
Q115950674	FAUFNPIYYOOODX-JMGOOFARSA-O
Q115950677	QMVODIKHHIRSGI-KEUCSOKLSA-N
Q115950679	AVBHZKNQGDKVEA-ZTKUHGNGSA-N
Q115950681	SKCBPEVYGOQGJN-SKNVOMKLSA-N
Q115950682	OBQMLSFOUZUIOB-CEGFXJEYSA-N
Q115950688	MHHPUBIEHKYLJL-CQSZACIVSA-N
Q115950689	FEIYIVGWSITXPN-CQSZACIVSA-N
Q115950690	POYMCXRWXZAMNO-PPAJZKSMSA-N
Q115950691	CKDYDMSDCNQHEB-CVEARBPZSA-N
Q115950692	UKSPRKDZNYSFRL-NQIGFWFUSA-N
Q115950696	CJKRQCZVORIZCO-LOLGVVEWSA-N
Q115950697	WZGAICRUQPMGRL-VKIFCDMKSA-N
Q115950700	JESPWQGCCOLVKQ-WQJHFXEDSA-N
Q115950701	KUODBSWFMJMVJV-WQJHFXEDSA-N
Q115950702	MTCFYYIJIXJCPF-WQJHFXEDSA-N
Q115950703	QRFZGLTZLZZHCM-FUGPZHIESA-N
Q115950706	OMEURAAAPZIMOL-SAPOJKNTSA-N
Q115950710	PUEFGNXBVGZIBL-SAPOJKNTSA-N
Q115950711	VHLRMFIKYQEKRY-SAPOJKNTSA-N
Q115950712	KXGSVBXVNPUCCM-SAPOJKNTSA-N
Q115950714	DCHJAESNEKXDBL-HUGJZNNVSA-N
Q115950717	MMIYRWRTSJNIBU-JRTAIVKMSA-N
Q115950721	NIFMLTJCPJDRJC-UFYAEDIDSA-N
Q115950724	QJOSZTCZZUNIRY-SHCTZRPMSA-N
Q115950726	FWLIWQBWHQWYFE-MOZZDERUSA-N
Q115950727	CJXZDJQSVZQARQ-XYULTOBVSA-N
Q115950728	UHGMPAAGHIYKSE-SJSCJJKHSA-N
Q115950729	LPRURUPUMFENRA-WMNHPVDSSA-N
Q115950731	XFGRGGKIHLJZLI-GKFAIFHPSA-N
Q115950734	OZWAYRPZCFAHRV-AWEZNQCLSA-N
Q115950735	FXULBICJYGBORJ-ZSTKBLHXSA-N
Q115950736	FGNQSOKFJXFNBK-LOSJGSFVSA-N
Q115950737	UYJNAIAJIBWJFS-KFLVYXPASA-N
Q115950744	DOGAHANJPKBCGB-OAHLLOKOSA-N
Q115950749	MPYLJLHMKWTFTC-MRXNPFEDSA-N
Q115950750	UQLCEZCBCSBXKA-INIZCTEOSA-N
Q115950755	GQCCUSBZODHQHO-GHDWVRKDSA-N
Q115950761	YKLQOTMQENGJJX-RTABTKLBSA-N
Q115950763	UUDKPWBINGHXLV-UVRYETQOSA-N
Q115950774	GEKIUWZJPXHAEB-VETPZWKHSA-N
Q115950775	NRCZKVGMFVNDIY-UKZYNNLFSA-N
Q115950781	OKZGYKILYVHZTQ-WSLQVLBBSA-N
Q115950786	OZOQWWVKNPUDDG-GXXYDHEUSA-N
Q115950788	VBTOKFKZTMOCIN-VHMVZISBSA-N
Q115950790	PILKSXATFQFGDG-HXPRVAHUSA-N
Q115950795	PSTHWEAXBIXPRZ-DZUQHJBLSA-N
Q115950801	JXHSTLRCBJYSKK-KXQSBORISA-O
Q115950802	GYZHQYZFUONYNA-RVTCKFNFSA-O
Q115950805	DDFXCVSHCJQENK-YJYJFTAYSA-O
Q115950809	DHTPVCYNNWQRMN-YVIDYKSNSA-O
Q115950828	WEVOOBRFSCEKNH-YXPPNMPQSA-N
Q115950830	HBQKEEUAWZYSIP-PSCKZLQKSA-N
Q115950831	BPSJBBDWRWCKST-DKYCZMFPSA-N
Q115950834	RFPFUPCCKCHQLQ-KBRFIYKISA-N
Q115950839	ZBLCWCJBUVYIBX-SQSYVPSMSA-N
Q115950840	ZMJYKRKSXFSXBE-NKRKBIQJSA-N
Q115950844	PAPZBNZNGBHNQX-RWXDJMAFSA-N
Q115950845	CHNSWQFAOPYBLU-NCYRRLPBSA-N
Q115950848	PYCASFDBZHCYGE-BHIFYINESA-N
Q115950850	UOYDGTLOICLFRN-XXWDYGIRSA-N
Q115950851	FRCCTBPYYAMKIB-SYVBWWHXSA-N
Q115950852	BNYDLXBTNLOWPZ-YYCMBSPASA-N
Q115950854	ZEFAZHUPULGHQG-VDWZJSFHSA-N
Q115950856	OQZJWEMBBHKFKJ-ABFJNXFGSA-N
Q115950857	YXVFBAYOVYYXKW-CMNYFAQISA-O
Q115950859	WOWQBWNVGFBXQH-OYUZFWKBSA-N
Q115950860	SHPCBRSOJXQRDY-GNQNJWHTSA-N
Q115950862	AQZBYUZKEFENRX-PGCPAECGSA-O
Q115950864	YVKLONZWAFCIAE-XDJLSWOQSA-O
Q115950867	JGXXTVGRCOEWPD-HELJEATMSA-O
Q115950868	PNXAVCXVCDUMFM-GJSWVUAOSA-O
Q115950870	DMJFLJSLHRVCBA-JIHYTHFPSA-O
Q115950871	RXADHNKAOTUHDK-UOGBMNLJSA-O
Q115950877	VFGAHYZGQSWYGB-PNTPFYOESA-O
Q115950878	RGYSDPXLNRDNJW-FRJKCGKRSA-O
Q115950882	GLVCXPXHQUEMAZ-NELIWPSSSA-O
Q115950883	XOXJWVANDYFNOK-QPZJUDHFSA-O
Q115950887	ANJACDQGGDOPEE-XAEVNMDXSA-O
Q115950890	GTNBOKIWQUJZFH-OTYXRUKQSA-O
Q115950892	XTBDVXSMPXFDAU-RYKDTHRLSA-N
Q115950893	ZUYOYPXENZYYBN-XXQJRYNFSA-N
Q115950894	WUOATFFODCBZBE-CEDGBSLLSA-N
Q115950896	ZQIYCDQVROXNHS-CKFGLLJZSA-N
Q115950897	XZHKQIFWQSETLE-MNVKMYBTSA-N
Q115950899	DZPLRNCXAQPJSJ-PBRXFVETSA-N
Q115950900	XPTQHPYRCFRZPX-FMGJKMLCSA-N
Q115950905	TZSJGZGYQDNRRX-FALVTBFSSA-N
Q115950906	AVOVYFCDODUXLY-OECSZTPTSA-N
Q115950907	VDXLUNDMVKSKHO-YTQLPXDHSA-N
Q115950908	PDACUKOKVHBVHJ-GVYWOMJSSA-N
Q115950912	NEMKJBVVPNFVCU-VDNWNZSNSA-N
Q115950913	VBQMPXNFLQSHMH-UVGOUCATSA-N
Q115950916	ZUFNHFRSPMTVBY-DMLGPZFASA-N
Q115950917	LFAHVQSFSPUKPV-INNHCVQGSA-N
Q115950918	ZQZKGUALHTVVTQ-IDAGWBSOSA-N
Q115950919	MZGNQYVCSIVGIM-ABPWGBHVSA-N
Q115950923	UPMMAPPZJDCFOS-UKSHEKPCSA-N
Q115950924	IIXVPQNKGDRLOT-SQRUXEGVSA-N
Q115950929	VTYVGGMVEWOKQM-ZHQZILIWSA-N
Q115950934	BYJIOUBZISYXSQ-HFCLLDDNSA-N
Q115950935	NRHCOYJWLCLYSP-IUCAKERBSA-N
Q115950938	ARWSMLJBTDZOCF-YPUNHANUSA-N
Q115950941	GAJFEAZNYLBZJM-OVMDFUJESA-N
Q115950942	FHJAUHMFXISXSW-SLVNKBTFSA-N
Q115950952	MCOCUHRVJGWOJQ-HMGBVJPOSA-N
Q115950953	RGFSKBIVXULKJS-HBMCJLEFSA-N
Q115950955	FGERYDCMGOEROV-DUSGFXKJSA-N
Q115950963	MXDMNWAHROTMFX-HPMYUUPRSA-N
Q115950964	LXBNNYYLVRZZCZ-YBRYQPLPSA-N
Q115950966	JBCHKQLKJGBYDT-NDEPHWFRSA-O
Q115950970	CWRMMLHJFDMOKC-JNWWKETESA-N
Q115950972	BZAWJJMWKWLUHE-WDZFZDKYSA-N
Q115950975	KZILSQFDRARYBL-TZIWHRDSSA-N
Q115950976	UKUFKGOAWMVCIL-RTWAWAEBSA-N
Q115950981	QZLIBOXIXWAWSR-HOTGVXAUSA-O
Q115950982	TWCBVLWZBWYIRW-KBPBESRZSA-N
Q115950984	UAVZCUQPBFEPKC-PMERELPUSA-O
Q115950987	QZJMBSSODVCTRD-QGZVFWFLSA-O
Q115950988	AJXMTQDQNFSVKF-LEWGKPCESA-N
Q115950990	NEMWYOKGHGSVSC-APBNYSJQSA-N
Q115950993	BSHYJFKVJJHKEM-WYADZXSTSA-N
Q115950994	SXGHNTVPXYHQSN-CQSZACIVSA-N
Q115950995	JDEIENKFJZZZCA-UHFFFAOYSA-O
Q115950996	JRRPFKBGNPDILH-JHAYDQECSA-N
Q115950997	NEMWYOKGHGSVSC-SSXTUDGJSA-N
Q115950998	HKTYWBZUTFHGKL-ZWKOTPCHSA-N
Q115951006	IFYBSXYNYSBLNA-PYEQNYIBSA-N
Q115951009	XIHCOJVIUYCWST-SLZRPCNNSA-N
Q115951010	DHSOUUBJZSEFHJ-UPLCLECTSA-N
Q115951011	NXKGXYXKEYAJTA-YNCRUDOASA-N
Q115951012	MWLKXILGJPSPKZ-FHYXIDMKSA-N
Q115951013	MWLKXILGJPSPKZ-SIMDQWNVSA-N
Q115951015	SWVHEMRKGGBKIZ-KINJWOQDSA-N
Q115951016	NXCMDLYYNZCRPP-YVEULIKWSA-N
Q115951018	WGNUXEMGVHKOSU-ROAQNYAFSA-N
Q115951019	SYOMWKCHPLIBRY-DXYLWFGTSA-N
Q115951021	JYRSMGIIEWZYRJ-YGGNFIGKSA-N
Q115951022	BZWGXDPFKVWKCE-YGGNFIGKSA-N
Q115951024	XRPQKQDVGUZFQR-FRMVXCOWSA-N
Q115951026	BJTHWJWOVXDFCA-VLQOGVCZSA-N
Q115951029	IHMRHYCBRKQAFU-IADXWLTJSA-N
Q115951031	CXMFZKKIWJFZLS-DGIOQLDKSA-N
Q115951032	DYYYQLXAGIXUGM-UTGGIIFASA-N
Q115951033	AXVHMYNDGVQIQD-JFOVHCFGSA-N
Q115951034	QXVXYNOIXUIXBI-YBDVPCCLSA-N
Q115951035	WEAAQIOIPSOYBH-LQWZFZSKSA-N
Q115951038	DDDHUKSRQZZNCR-YHAGPQNYSA-N
Q115951041	JYWXPMGCCNBCKM-FJHAFUONSA-N
Q115951042	XXZQNKJMRPQLND-FMGSZWNUSA-N
Q115951048	FMXCCTYXEPKNID-MMWJRSTQSA-N
Q115951049	ZTRKHQRICPULDJ-FAGWSFFOSA-N
Q115951050	NTDYMFJJFRUEDG-DVICULSXSA-N
Q115951051	FEWBLKHNHHTXBA-KHZDUMCXSA-N
Q115951052	RUXYUBRFOACSMM-ZWOKBUDYSA-N
Q115951053	XPHZAIDDYJZVAV-QIOOPIGQSA-N
Q115951054	BYBDOLYZVJZQNG-VFYLELLDSA-N
Q115951055	CNCJKDYYPOEQAZ-HRMNDEDFSA-N
Q115951057	ZPYDXRKJBFBYGO-BMTYIPOYSA-N
Q115951060	NOFBZKYDNAOAQJ-XFQAVAEZSA-N
Q115951061	TYCHJCWFXCTGEJ-NJJWUDPUSA-N
Q115951062	DERKWAJDBPHDET-ONEGZZNKSA-N
Q115951063	JKMZSGSRYKMBOO-XQRVVYSFSA-N
Q115951065	OFIPMYQXNOJVMT-CAFNJKTCSA-N
Q115951066	QMZPCWAILBCLFF-APALCISJSA-N
Q115951069	XLRCLQVFCBYALB-RCNSKIFRSA-N
Q115951075	AJXYNZCNGHTKHQ-KMFXNTPKSA-N
Q115951076	VUQQGHSDHGOYRH-YBVVEBFJSA-N
Q115951077	DVJQPYOIOUMEJB-NHXNWTGOSA-N
Q115951079	DBAUCVYBKAWXNM-BLKRCOOJSA-N
Q115951085	VZFZTNQVDXDENW-ARILJUKYSA-N
Q115951086	JZLCLJJMCZVNMU-XGRAKDAMSA-N
Q115951087	LDDQLEVDKNBZLM-HHJMCDFOSA-N
Q115951088	PPTCSTJLHHXGRL-SECBINFHSA-N
Q115951089	ZAHSWUIALVFBCT-ZKXNXJMVSA-N
Q115951090	QHCSBRUYDNZPQG-PHRKKZDZSA-N
Q115951091	IGWYEXHQPGSZHK-QRAOQPPBSA-N
Q115951092	HIPIENNKVJCMAP-IUCAKERBSA-N
Q115951094	KQCBSBJKABPMAT-CKFPPMDJSA-N
Q115951096	VPAXJOUATWLOPR-DRMXPCRNSA-N
Q115951097	QMXUAUXRLSELKY-ZUZCIYMTSA-N
Q115951098	NQDSCKNZAUZAQU-GXFFZTMASA-N
Q115951099	IIVLKXAGPYYIDA-DNQXCXABSA-N
Q115951100	DGFLEVFPESLTBR-DRSMIVCTSA-N
Q115951101	DGFLEVFPESLTBR-VOSQCMCKSA-N
Q115951105	MPBXTVZTOPAKIA-ZDVRGJGESA-O
Q115951106	AAJSOHFSWPEFNN-HCXZYGGOSA-O
Q115951109	RVIIIENFJAWAFW-JRWSOSBXSA-N
Q115951110	DMFZWPGLOKFXKC-YDEQFGJOSA-N
Q115951111	UQCUBQIHIKJPHI-PNFCTHLRSA-N
Q115951112	UVWCAIWHFSJANE-RJMCBNEJSA-N
Q115951114	DTFZRJDDQMLMNU-QDMJVDAWSA-N
Q115951116	LKYOLPWSGNGKSH-ROUUACIJSA-N
Q115951117	HIJNWAUJRBKZHT-PYLKXDJNSA-N
Q115951121	FIANNMWSDAAICQ-ZTQKUCFYSA-N
Q115951125	NXWRAHPVFHQMTK-NSCUHMNNSA-N
Q115951126	CUJVAMKVNDHSSR-VZYKULCSSA-N
Q115951128	FXSHCBSQWAENEL-VUNLVITCSA-N
Q115951129	WNMQUAQQKAOULJ-DMWOMKCJSA-N
Q115951130	JWZXELQQTJCVII-SEQHRXQPSA-N
Q115951131	JPATUKPENSZMCZ-ZGTQKAAZSA-N
Q115951134	NHGYTKMVBMBCNA-MHQLKBKISA-N
Q115951135	CBPWOYOGFQWLKF-LYUDWJGTSA-N
Q115951136	NHXVFBTWUGMIIZ-ULWLHAGPSA-N
Q115951137	GZCDSZKNRYAXTC-QFMOWCPFSA-N
Q115951139	HDXSEJMHFIDKAU-AHQZNLJJSA-N
Q115951142	GFAMJDLEQYJMPF-ZNHDAIEMSA-N
Q115951146	UWZMGTSPGQXAAP-HMEMLMEYSA-N
Q115951147	MBFORAZENPTBNT-FIWDOQIISA-N
Q115951187	ZSXWWLROIRICMW-UHFFFAOYSA-N
Q115951198	HJMFGZLTPOZCFX-UHFFFAOYSA-N
Q115951200	GSHLMLPFDNHBHO-UHFFFAOYSA-N
Q115951203	FODVPXDSRQJMQU-UHFFFAOYSA-N
Q115951205	FVGAQYQSEIMCEO-UHFFFAOYSA-N
Q115951213	UQXDHOQMTDINBL-UHFFFAOYSA-N
Q115951222	FQXZITIIHQHGBC-UHFFFAOYSA-N
Q115951238	QTCDAEXXECYNNS-UHFFFAOYSA-N
Q115951239	LVKYZGSDOJEYHI-UHFFFAOYSA-N
Q115951255	NIYCKNJQFGDPOP-UHFFFAOYSA-N
Q115951266	CCYKGGNUSJBVDG-UHFFFAOYSA-N
Q115951278	DPFFURFUHJXCKF-UHFFFAOYSA-N
Q115951283	VZFPFEZQTVOUFR-UHFFFAOYSA-N
Q115951288	NGULQTOJUIQGLA-UHFFFAOYSA-N
Q115951292	KIULDMFHZZHYKZ-UHFFFAOYSA-N
Q115951297	MZHQKWYODJVUBB-UHFFFAOYSA-N
Q115951300	KDUUURSYZCGUBI-UHFFFAOYSA-N
Q115951312	KRDYZZPHLIFPGG-UHFFFAOYSA-N
Q115951347	GLNTXZZDTWVCEA-UHFFFAOYSA-N
Q115951352	JNEHSZSTSJZRIW-UHFFFAOYSA-N
Q115951353	GUJGMSVEFHXZDF-UHFFFAOYSA-N
Q115951360	QCVUJALBFNIHCJ-UHFFFAOYSA-N
Q115951366	STTBYRIXKIKKPR-UHFFFAOYSA-N
Q115951387	SYUYBYFJGLAOSM-UHFFFAOYSA-N
Q115951394	YQDBUANZKYBHHI-UHFFFAOYSA-N
Q115951396	OVSVTCFNLSGAMM-LOMXPDBZSA-N
Q115951397	WWWOCVBEDWYMAJ-UHFFFAOYSA-N
Q115951400	UMTFDHSFSSIULJ-UHFFFAOYSA-N
Q115951401	KKDSOZDQHZXONR-UHFFFAOYSA-N
Q115951402	IDVQOUNEFAOESG-UHFFFAOYSA-N
Q115951423	FKMBPACXEJUJAW-XPWCJWLUSA-N
Q115951425	OMPYVUWJUNNOET-ZDUSSCGKSA-N
Q115951434	GFOLRCPJHAOOHC-UHFFFAOYSA-N
Q115951460	BSMDWYPLASJYPX-UHFFFAOYSA-N
Q115951467	GEOUQXROTWCGFI-UHFFFAOYSA-N
Q115951481	FCFAWFPHAOTXPJ-UHFFFAOYSA-N
Q115951484	WVYZGNPVLJFFOB-UHFFFAOYSA-N
Q115951494	QMIYXGPKSPBDTD-UHFFFAOYSA-N
Q115951496	ZXPLRDFHBYIQOX-UHFFFAOYSA-N
Q115951514	LVSYCSMVGYSMTF-UHFFFAOYSA-N
Q115951517	FCROIUZMIRXNTR-UHFFFAOYSA-N
Q115951525	AABJNGWHRMRAFV-UHFFFAOYSA-N
Q115951527	NQIKARGOMBDTMP-UHFFFAOYSA-N
Q115951533	UAPHRLWQVWHFJC-UHFFFAOYSA-N
Q115951544	WOTKSEGPYPLFKU-UHFFFAOYSA-N
Q115951547	AAJDLBBDZUKPEN-UHFFFAOYSA-N
Q115951556	RRFAHDXVGVISRY-UHFFFAOYSA-N
Q115951559	QJCCWFCDQUIYBS-UHFFFAOYSA-N
Q115951608	GNXTXOFQVXEFMO-UHFFFAOYSA-N
Q115951612	DXXXNGJJESQXOX-UHFFFAOYSA-N
Q115951614	OMPCVUWPGWIRGA-UHFFFAOYSA-N
Q115951615	XSRVOTDOTHTRED-UHFFFAOYSA-N
Q115951627	BJTDZKOECBFYRI-UHFFFAOYSA-N
Q115951629	WPQUIEAOMUTJEF-UHFFFAOYSA-N
Q115951630	NOOITFNOZPQNCR-UHFFFAOYSA-N
Q115951631	KMNMNIBWPCHYPW-UHFFFAOYSA-N
Q115951655	KUCCBROXJIFMNG-NSHDSACASA-M
Q115951657	HPSWAEGGWLOOKT-ZSAPNMPZSA-N
Q115951658	MGIQTXDHQJGPEZ-UONOGXRCSA-N
Q115951660	KYSWLLSZOWOOGF-FYHWNKSOSA-N
Q115951661	HTXUAQKMNHGMFH-KYVWFAMJSA-N
Q115951664	NICNBSMUFQSZGO-JDTLDELKSA-N
Q115951666	GEHBFLFKYFSTFJ-UMKMPNCKSA-N
Q115951667	HVICCZDYLXXFEY-QDKRJDRDSA-N
Q115951669	ZXQIVEHVNKQIIU-IFPHPDNXSA-N
Q115951670	QVGJMLNUOQHRAS-NXOAAHMSSA-N
Q115951671	PERPNFLGJXUDDW-OUUBHVDSSA-N
Q115951672	KUERQAIAYCRGOB-NOYQSMGQSA-N
Q115951674	FYUHPQSPQGONJB-XPGWIHTLSA-N
Q115951676	MWDOAJPNPCZJEI-STTRYPJLSA-N
Q115951677	UCGIUWUATGREEP-GMWXTNTRSA-N
Q115951679	CTWMGJMDAUJZDO-WVSWJLCWSA-N
Q115951680	IZJJAEGPQRDFCN-FCGZEGKISA-N
Q115951683	CHMDQEABSSULKV-LKRVYBGQSA-N
Q115951684	FSRBKEPDLRLHRX-DZWSPFCHSA-N
Q115951686	ACLSAOLGJZSVPQ-BLQJZHEVSA-N
Q115951689	MJVCJGGOYKSADY-CYBZVILGSA-N
Q115951693	SIAHQINCBBSLKV-NSIKDUERSA-N
Q115951695	MGQITZGZKLABCX-OUYGKKDFSA-N
Q115951696	GVBMRRFNKPJHKN-FCHNXXHMSA-N
Q115951697	NTFLZJIEKFOVHF-PCFFWJMZSA-N
Q115951699	JNKNAUQBPPWDQQ-RQRMDRIOSA-N
Q115951700	YEMKZDPASIYASW-DUJIMAOUSA-N
Q115951702	IVRKNAACXHGMPI-NATBFZTRSA-N
Q115951705	SFTQDPVLDKOILY-YESAMXMWSA-N
Q115951708	NSIBODJHRJTEFG-VUDYRQTBSA-N
Q115951709	GDQCWCOVKFXWMP-RKDXNWHRSA-N
Q115951711	DAVDEZKGACPNHN-UHFFFAOYSA-N
Q115951712	IRYOOASWRCIZCK-DEZZKOAPSA-N
Q115951714	JTROEEVVYGRQMU-MSMBMIHKSA-N
Q115951718	OMXOYSUYNDLNQT-XFZRHVTASA-N
Q115951720	YJCKPRSVGUPZBH-ATIWLJMLSA-N
Q115951721	LXQWICXPBCTWOM-UNIHDILDSA-N
Q115951722	LXQWICXPBCTWOM-QCOSUQLYSA-N
Q115951723	YXMODSBGOKVWMQ-IZPRDNSPSA-N
Q115951724	KAYRJPGARKNUEX-WEVVVXLNSA-N
Q115951725	WCBFHZJDMQCSLQ-XBXARRHUSA-N
Q115951729	YTGOOKDGVJUQRX-LSDHHAIUSA-N
Q115951746	SCNMSNRHKWGYGM-UHFFFAOYSA-N
Q115951748	BPTBWJUHULRABF-UHFFFAOYSA-N
Q115951756	SECUUYKZNJZFAK-UHFFFAOYSA-N
Q115951760	YQFOLGLNDZRLBW-UHFFFAOYSA-N
Q115951761	MFGPOUKCANVBPW-UHFFFAOYSA-N
Q115951763	LGUCVWJGAXRCTH-UHFFFAOYSA-N
Q115951769	TWODAMFYKHNLPP-POABXZPOSA-N
Q115951775	SXBWPFPEFBWWDX-UHFFFAOYSA-N
Q115951777	XIIQNPDBQYQJDK-UHFFFAOYSA-N
Q115951778	SISUUGZTOWTEGI-UHFFFAOYSA-N
Q115951781	BOHBKWJRFLPKMV-UHFFFAOYSA-N
Q115951784	DZXPHWBIDWFQQH-UHFFFAOYSA-N
Q115951785	NKZVXBLXJXFAAZ-UHFFFAOYSA-N
Q115951796	NTAPKTSBAKEYPS-UHFFFAOYSA-N
Q115951797	BGFDVZNUNOIZNF-GEHMZHQGSA-N
Q115951802	MQDMFPVNOONURP-UHFFFAOYSA-N
Q115951806	PNAHATNOKIMNGE-UHFFFAOYSA-N
Q115951813	GTHQOPUWLHFKFZ-NNUXYFOWSA-N
Q115951819	HCIHJOTZGZSMLV-UHFFFAOYSA-N
Q115951832	XFUMYDOALKXGJI-UHFFFAOYSA-N
Q115951836	QLYYJDGQTGKQSV-UHFFFAOYSA-N
Q115951843	WZGFOLQVPYVJCB-UHFFFAOYSA-N
Q115951852	JKQXZKUSFCKOGQ-SRAVUJCASA-N
Q115951856	UFLLETJLCWNADQ-UHFFFAOYSA-N
Q115951860	KUPFTTSUAQJQCT-UHFFFAOYSA-N
Q115951861	GMTOICFVSYRGDZ-UHFFFAOYSA-N
Q115951865	TTWLHQVDFPFJTP-UHFFFAOYSA-N
Q115951870	YDGMGEXADBMOMJ-UHFFFAOYSA-N
Q115951875	LSHGROWWKJBPBW-UHFFFAOYSA-N
Q115951883	ONIXIIXCXSMDPT-UHFFFAOYSA-N
Q115951885	CTUMEDNKKYORKA-UHFFFAOYSA-N
Q115951887	KZDQCMANBVVZQK-UHFFFAOYSA-N
Q115951889	PPHSZOCDZFXNPQ-UHFFFAOYSA-N
Q115951896	QMQFACNPAACIRS-UHFFFAOYSA-N
Q115951898	SRZYMPUELBNLQE-UHFFFAOYSA-N
Q115951910	DLMYKQYCHJGJSP-UHFFFAOYSA-N
Q115951917	WVVSOLQNKKCUJM-UHFFFAOYSA-N
Q115951918	RSKMBPSBOVLCHU-UHFFFAOYSA-N
Q115951925	BRIHTFKSRHIMNT-UHFFFAOYSA-N
Q115951926	IMBRUMYMDQAUOL-UHFFFAOYSA-N
Q115951927	CUKNCTXZVHPAHX-UHFFFAOYSA-N
Q115951931	KYLGBESSTRERHQ-UHFFFAOYSA-N
Q115951932	WFOXEJOHYRIRDJ-UHFFFAOYSA-N
Q115951934	UIINQEVAMDOHAP-UHFFFAOYSA-N
Q115951935	RFICMYIICQFJSW-UHFFFAOYSA-N
Q115951945	VSZDNXXXAMERPP-UHFFFAOYSA-N
Q115951946	UNMSAFXENBIZSU-UHFFFAOYSA-N
Q115951947	YKWIEULZBHUGFH-UHFFFAOYSA-N
Q115951949	IWXHBHAWFWYVKP-UHFFFAOYSA-N
Q115951955	FHNIYFZSHCGBPP-UHFFFAOYSA-N
Q115951956	GWVFYBHDKJZVMW-UHFFFAOYSA-N
Q115951971	IZUIUUSYTCNQBZ-UHFFFAOYSA-N
Q115951985	ITCSWEBPTQLQKN-UHFFFAOYSA-N
Q115952010	ZWVGXYMEBVFNGR-UHFFFAOYSA-N
Q115952050	GAWWQRPONRAXSM-UHFFFAOYSA-N
Q115952052	JPMNMGBHXBRHQJ-UHFFFAOYSA-N
Q115952054	YXNIEZJFCGTDKV-UHFFFAOYSA-N
Q115952074	XBUPDISYLJOVEC-UHFFFAOYSA-N
Q115952076	VLJUNXZPROHBEG-UHFFFAOYSA-N
Q115952079	WOGSMORPVRYINS-UHFFFAOYSA-N
Q115952083	MSYJKNHYBWDLGB-UHFFFAOYSA-N
Q115952097	KUMBPQQUJPNQLZ-UHFFFAOYSA-N
Q115952099	CVLTVRFXFZFTHI-UHFFFAOYSA-N
Q115952102	JUKWIDFWGSJGJQ-UHFFFAOYSA-N
Q115952103	BNEBUNCSWLPIIQ-UHFFFAOYSA-N
Q115952108	RLUMAZCCPXTEBG-UHFFFAOYSA-N
Q115952114	OYKYYOKNASFMLL-UHFFFAOYSA-N
Q115952115	SDCWOQWLXTVOGE-UHFFFAOYSA-N
Q115952128	SWCFDBZAIAAHRG-UHFFFAOYSA-N
Q115952129	QBZLUKXXDDCCTL-UHFFFAOYSA-N
Q115952135	BWPMKVHHFNGYEN-UHFFFAOYSA-N
Q115952141	PRYGUODDRIRLTK-UHFFFAOYSA-N
Q115952142	WMSUFRYDRCCPOM-UHFFFAOYSA-N
Q115952143	CMACUXVMRMVDJW-UHFFFAOYSA-N
Q115952144	JPCPUGHXRFGTIL-UHFFFAOYSA-N
Q115952147	QHCWFPFRKJIUQV-UHFFFAOYSA-N
Q115952156	OWDUGEJCEAPXOX-UHFFFAOYSA-N
Q115952157	XLOUMOADKBVJFF-UHFFFAOYSA-N
Q115952167	CUOKHACJLGPRHD-UHFFFAOYSA-N
Q115952169	GGDXFNZYEXEGEI-UHFFFAOYSA-N
Q115952174	WKHLFLBJNFQCAE-UHFFFAOYSA-N
Q115952178	NHUMVIBNGWEKMW-UHFFFAOYSA-N
Q115952179	HESSGHHCXGBPAJ-UHFFFAOYSA-N
Q115952181	BTRXVUWHEUEVOS-UHFFFAOYSA-N
Q115952187	HKXUDPBGEOFXSH-UHFFFAOYSA-N
Q115952192	TZCFSQVFDGXOQE-SFDCQRBFSA-N
Q115952197	WMFCEEAYDCXJCA-BFHYXJOUSA-N
Q115952199	SDFKKMBWIQKUOQ-IECFSIQFSA-N
Q115952200	LCVDISRHEKGNOL-ZNKMAEIMSA-N
Q115952201	WXAJADWYCXGFFJ-ZRKZVVNJSA-N
Q115952210	UJUWZMUCEGGBOH-RKJZEYQXSA-N
Q115952216	XTDJDVMOQAXSTM-UHFFFAOYSA-N
Q115952221	ZIUDAKDLOLDEGU-UHFFFAOYSA-N
Q115952223	WZBOHQZLZFLYKP-UHFFFAOYSA-N
Q115952228	GXVLHCRNRBULRN-UHFFFAOYSA-N
Q115952230	DFWNPCBKVDWNQH-UHFFFAOYSA-N
Q115952231	XRHAVUQPGYAHMT-UHFFFAOYSA-N
Q115952236	ZFRLDXCBIMVZKS-UHFFFAOYSA-N
Q115952239	BJXFSBZCSKQXCJ-UHFFFAOYSA-N
Q115952242	ZQYRTHYVHGOZAL-UHFFFAOYSA-N
Q115952246	SKFGFFNYYMHHMG-UHFFFAOYSA-N
Q115952249	SHVXIVYBYHKUON-UHFFFAOYSA-N
Q115952251	WUCSKQVTCIIZIS-UHFFFAOYSA-N
Q115952258	CPFVLZLSCZTSJA-UHFFFAOYSA-N
Q115952259	FWRNGLHMMMOCSL-UHFFFAOYSA-N
Q115952262	FZTYKBIJMSVSIR-UHFFFAOYSA-N
Q115952273	KKLGXXIKRQSIID-UHFFFAOYSA-N
Q115952282	PEYTUVXFLCCGCC-UHFFFAOYSA-N
Q115952286	GNPWDPZTRHBTJY-UHFFFAOYSA-N
Q115952292	BVOGBHPKEJQUOQ-UHFFFAOYSA-N
Q115952293	JZLXEKNVCWMYHI-UHFFFAOYSA-N
Q115952294	PQUOYNVEQWXFHJ-UHFFFAOYSA-N
Q115952296	QEZYFJFOYSPYQE-UHFFFAOYSA-N
Q115952302	AWJFBPORZBIYSD-UHFFFAOYSA-N
Q115952308	PHDNTWDRIHMZKO-UHFFFAOYSA-N
Q115952309	UKMCPHKTWARBEJ-UHFFFAOYSA-N
Q115952311	WGDXUILXVFPOLD-UHFFFAOYSA-N
Q115952313	ORQIZUYAGXZVPI-UHFFFAOYSA-N
Q115952314	INLJMGJYPZLNJN-UHFFFAOYSA-N
Q115952317	MZZSDCJQCLYLLL-UHFFFAOYSA-N
Q115952324	BYQPJOSRJIDYTP-UHFFFAOYSA-N
Q115952339	PFVHJKOCMWKNRJ-UHFFFAOYSA-N
Q115952343	IFMWZCXMVNSDEW-UHFFFAOYSA-N
Q115952346	FDPMWTPQUHILQG-UHFFFAOYSA-N
Q115952349	BCNNXHSXFZXSIE-UHFFFAOYSA-N
Q115952360	SBIUNFOWTQDSHW-UHFFFAOYSA-N
Q115952361	FAMCXKUGWWYEPQ-UHFFFAOYSA-N
Q115952373	SJQRDMUOSJYDSZ-UHFFFAOYSA-N
Q115952374	DGBITFNXKQHKLI-UOBFQKKOSA-N
Q115952375	SEXCCMQJDXQBOE-UHFFFAOYSA-N
Q115952387	UTDMRTAOUHEZBW-UHFFFAOYSA-N
Q115952397	DPPUNDFHJDXSHJ-UHFFFAOYSA-N
Q115952400	YKZIAXQDCGXRIV-UHFFFAOYSA-N
Q115952402	CPDLBXBTRBGPHZ-UHFFFAOYSA-N
Q115952407	MYUCAXHKRGKGKB-UHFFFAOYSA-N
Q115952410	WEKYTGRPTFHMEG-UHFFFAOYSA-N
Q115952413	VPAITWKEDLFJMU-UHFFFAOYSA-N
Q115952414	FCDRLRIIZKINNV-UHFFFAOYSA-N
Q115952415	IXJFSPVQESXVNA-UHFFFAOYSA-N
Q115952419	DEDRVWPUEVEODF-UHFFFAOYSA-N
Q115952422	GUVLMIFGFKBCFH-UHFFFAOYSA-N
Q115952424	UUDYUKVMUYQWJX-UHFFFAOYSA-N
Q115952426	GFBGDTJYBFZTAI-UHFFFAOYSA-N
Q115952431	OICPLULMPYDASP-UHFFFAOYSA-N
Q115952434	FQPGMQABJNQLLF-UHFFFAOYSA-N
Q115952443	QIFOTGBMWFMXRC-UHFFFAOYSA-N
Q115952444	KSIVGTKSVYIZEB-UHFFFAOYSA-N
Q115952445	QZWWTQJLGUJNEA-UHFFFAOYSA-N
Q115952448	CYDMQBQPVICBEU-UHFFFAOYSA-N
Q115952449	LQIGIHFYLJKHAH-UHFFFAOYSA-N
Q115952451	JPVAZROWIZUKBT-UHFFFAOYSA-N
Q115952453	FKZKNXDBPSPVCN-UHFFFAOYSA-N
Q115952460	UEASBNMLRVSIRE-UHFFFAOYSA-N
Q115952465	AFXRHCWVBQOWMP-UHFFFAOYSA-N
Q115965674	ZIOJAIZLNKYUML-NSHDSACASA-O
Q115965694	NHWRHTITLQRVSA-UHFFFAOYSA-O
Q115965838	FUCSLKWLLSEMDQ-MGOZPMTQSA-N
Q115965867	CANRNZBVKKQKEQ-ZLBQZKQXSA-N
Q115965876	OKHXOUGRECCASI-UHFFFAOYSA-N
Q115965879	LGOGWHDPDVAUNY-UHFFFAOYSA-N
Q115965881	WNVFJMYPVBOLKV-UHFFFAOYSA-N
Q115965890	KNSVYMFEJLUJST-UHFFFAOYSA-N
Q115965900	MZFOKIKEPGUZEN-UHFFFAOYSA-N
Q115965902	KHWCHTKSEGGWEX-UHFFFAOYSA-N
Q115965903	YPZRHBJKEMOYQH-UHFFFAOYSA-N
Q115965906	PUIBPGHAXSCVRF-UHFFFAOYSA-N
Q115965907	TXCIAUNLDRJGJZ-UHFFFAOYSA-N
Q115965908	ALQNUOMIEBHXQG-UHFFFAOYSA-N
Q115965911	SGTUOBURCVMACZ-UHFFFAOYSA-N
Q115965914	SBYLHTNKEWSLBA-UHFFFAOYSA-N
Q115965915	OINXHIBNZUUIMR-UHFFFAOYSA-N
Q115965918	JWFCYWSMNRLXLX-UHFFFAOYSA-N
Q115965921	PSXWNITXWWECNY-UHFFFAOYSA-N
Q115965934	USFJGINJGUIFSY-UHFFFAOYSA-N
Q115965935	RIVQQZVHIVNQFH-UHFFFAOYSA-N
Q115965936	MCBIVWOLAJXDRK-UHFFFAOYSA-N
Q115965938	MGNBGCRQQFMNBM-UHFFFAOYSA-N
Q115965939	BHTRKEVKTKCXOH-UHFFFAOYSA-N
Q115965940	XZQYPTBYQYZGRU-UHFFFAOYSA-N
Q115965948	IQNFBGHLIVBNOU-UHFFFAOYSA-N
Q115965949	ATVGTMKWKDUCMS-UHFFFAOYSA-N
Q115965951	QAQREVBBADEHPA-UHFFFAOYSA-N
Q115965952	JMNCUIIGFZOUJI-UHFFFAOYSA-N
Q115965956	DQQDLYVHOTZLOR-UHFFFAOYSA-N
Q115965959	XJLXINKUBYWONI-UHFFFAOYSA-N
Q115965960	NHNODHRSCRALBF-UHFFFAOYSA-N
Q115965962	QWSAYEBSTMCFKY-UHFFFAOYSA-N
Q115965968	BCPSFKBPHHBDAI-UHFFFAOYSA-N
Q115965970	QHHKKMYHDBRONY-UHFFFAOYSA-N
Q115965973	BLRBAJXLYBVISP-UHFFFAOYSA-N
Q115965975	ZRJHLGYVUCPZNH-UHFFFAOYSA-N
Q115965976	SYKWLIJQEHRDNH-UHFFFAOYSA-N
Q115965981	ABCOOORLYAOBOZ-UHFFFAOYSA-N
Q115965982	CNSJRYUMVMWNMC-UHFFFAOYSA-N
Q115965984	UBTDOTATRXDQMG-UHFFFAOYSA-N
Q115965987	HQANBZHVWIDNQZ-UHFFFAOYSA-N
Q115965989	OEXFMSFODMQEPE-UHFFFAOYSA-N
Q115965991	OTZRAYGBFWZKMX-UHFFFAOYSA-N
Q115965996	DIJBBUIOWGGQOP-UHFFFAOYSA-N
Q115965998	UQPYXHJTHPHOMM-UHFFFAOYSA-N
Q115966004	HHVQPBXBALLUDF-UHFFFAOYSA-N
Q115966010	QHWZTVCCBMIIKE-UHFFFAOYSA-N
Q115966016	YIBNHAJFJUQSRA-UHFFFAOYSA-N
Q115966017	CZWCKYRVOZZJNM-UHFFFAOYSA-N
Q115966019	FJWJALRUNNZIBB-UHFFFAOYSA-N
Q115966025	WWEOGFZEFHPUAM-UHFFFAOYSA-N
Q115966034	DSNBHJFQCNUKMA-UHFFFAOYSA-N
Q115966035	NQFYRDGBRBDQQG-UHFFFAOYSA-N
Q115966036	SZBMUAIJWNJARR-UHFFFAOYSA-N
Q115966037	APYVEUGLZHAHDJ-UHFFFAOYSA-N
Q115966039	ZYUOZFCHODHLHG-UHFFFAOYSA-N
Q115966044	BJRMBXPQAMDCMG-UHFFFAOYSA-N
Q115966050	ATZKAUGGNMSCCY-UHFFFAOYSA-N
Q115966059	WBWWGRHZICKQGZ-UHFFFAOYSA-N
Q115966060	RXMHNAKZMGJANZ-UHFFFAOYSA-N
Q115966069	PMWATMXOQQZNBX-UHFFFAOYSA-N
Q115966070	BERBFZCUSMQABM-UHFFFAOYSA-N
Q115966071	HGWUGDIATLOPBN-UHFFFAOYSA-N
Q115966073	VAAHKRMGOFIORX-UHFFFAOYSA-N
Q115966074	PMCOGCVKOAOZQM-UHFFFAOYSA-N
Q115966076	CNKJPHSEFDPYDB-UHFFFAOYSA-N
Q115966080	UTQCSTJVMLODHM-UHFFFAOYSA-N
Q115966081	RFDAIACWWDREDC-UHFFFAOYSA-N
Q115966085	MJPDNEFPKGWFBA-UHFFFAOYSA-N
Q115966087	POYJNCVGTDCCPK-UHFFFAOYSA-N
Q115966090	SCJLWMXOOYZBTH-UHFFFAOYSA-N
Q115966097	POODSGUMUCVRTR-UHFFFAOYSA-N
Q115966101	ZKWNOTQHFKYUNU-UHFFFAOYSA-N
Q115966103	ABKUDKDWDKRLNF-UHFFFAOYSA-N
Q115966104	WVIMUEUQJFPNDK-UHFFFAOYSA-N
Q115966105	UFPQIRYSPUYQHK-UHFFFAOYSA-N
Q115966113	WCQCNOIKXGNDLX-UHFFFAOYSA-N
Q115966124	ANOICLBSJIMQTA-UHFFFAOYSA-N
Q115966125	OQIJRBFRXGIHMI-UHFFFAOYSA-N
Q115966126	IRFYVBULXZMEDE-UHFFFAOYSA-N
Q115966128	OMKFKBGZHNJNEX-UHFFFAOYSA-N
Q115966129	AZCVXMAPLHSIKY-UHFFFAOYSA-N
Q115966132	CBOMORHDRONZRN-UHFFFAOYSA-N
Q115966136	ZNCHPOYZMVVJCK-UHFFFAOYSA-N
Q115966146	ARRIBDAUGOLZSJ-UHFFFAOYSA-N
Q115966150	JTFITTQBRJDSTL-UHFFFAOYSA-N
Q115966152	FHXAGOICBFGEBF-UHFFFAOYSA-N
Q115966158	PTJFJXLGRSTECQ-UHFFFAOYSA-N
Q115966159	KAQKFAOMNZTLHT-UHFFFAOYSA-N
Q115966162	WZMAIEGYXCOYSH-UHFFFAOYSA-N
Q115966164	AWLXQJGPNLCTLM-UHFFFAOYSA-N
Q115966167	MRVYFOANPDTYBY-UHFFFAOYSA-N
Q115966168	PXHZOQNODUPJKC-UHFFFAOYSA-N
Q115966171	FTTGAAZKBNZDCZ-UHFFFAOYSA-N
Q115966172	SMEROWZSTRWXGI-UHFFFAOYSA-N
Q115966174	VNJQSRVXTRJVAZ-UHFFFAOYSA-N
Q115966176	YWGOKHMOJTZGBN-UHFFFAOYSA-N
Q115966177	HOEWKBQADMRCLO-UHFFFAOYSA-N
Q115966181	XYJPSQPVCBNZHT-UHFFFAOYSA-N
Q115966182	MOYMQYZWIUKGGY-UHFFFAOYSA-N
Q115966183	JNUUNUQHXIOFDA-UHFFFAOYSA-N
Q115966186	VHIOJRIABYFBNA-UHFFFAOYSA-N
Q115966191	PDWIQYODPROSQH-UHFFFAOYSA-N
Q115966192	WUCJZZPXANOCFR-UHFFFAOYSA-N
Q115966196	GHCZAUBVMUEKKP-UHFFFAOYSA-N
Q115966197	ZDBJNNBVIRSCJN-UHFFFAOYSA-N
Q115966201	QBYUNVOYXHFVKC-UHFFFAOYSA-N
Q115966202	UIEYIJKBVSNMMH-UHFFFAOYSA-N
Q115966212	IERHLVCPSMICTF-UHFFFAOYSA-N
Q115966213	NRJQGHHZMSOUEN-UHFFFAOYSA-N
Q115966214	GVQNHIYBRMFCMS-UHFFFAOYSA-N
Q115966215	PKEPPDGGTSZLBL-UHFFFAOYSA-N
Q115966217	DLGJWSVWTWEWBJ-UHFFFAOYSA-N
Q115966218	PEKYNTFSOBAABV-UHFFFAOYSA-N
Q115966220	NBCCUIHOHUKBMK-UHFFFAOYSA-N
Q115966221	PGPFBXMCOQNMJO-UHFFFAOYSA-N
Q115966227	XBQYQXVJBNDCGY-UHFFFAOYSA-N
Q115966232	XCXUZPXOFFRGGP-UHFFFAOYSA-N
Q115966238	PUEDDPCUCPRQNY-UHFFFAOYSA-N
Q115966239	JKKFKPJIXZFSSB-UHFFFAOYSA-N
Q115966244	ZWIADYZPOWUWEW-UHFFFAOYSA-N
Q115966245	VORBHEGMEBOMMB-UHFFFAOYSA-N
Q115966247	BNPQDIKRZDRREL-UHFFFAOYSA-N
Q115966248	HHJTWTPUPVQKNA-UHFFFAOYSA-N
Q115966249	XDUHQPOXLUAVEE-UHFFFAOYSA-N
Q115966252	NFVGYLGSSJPRKW-UHFFFAOYSA-N
Q115966256	BQMSKLCEWBSPPY-UHFFFAOYSA-N
Q115966257	KFWWCMJSYSSPSK-UHFFFAOYSA-N
Q115966259	HIVSMYZAMUNFKZ-UHFFFAOYSA-N
Q115966261	LIEHUFTYLLDHTI-UHFFFAOYSA-O
Q115966264	QIBKBVRVOFIKLN-UHFFFAOYSA-N
Q115966265	DUYSYHSSBDVJSM-UHFFFAOYSA-N
Q115966267	ZMMFWDHIXCPOHZ-UHFFFAOYSA-N
Q115966269	PTVXQARCLQPGIR-UHFFFAOYSA-N
Q115966272	ARBDURHEPGRPSR-UHFFFAOYSA-N
Q115966273	RGEDKIOYAMGHKE-UHFFFAOYSA-N
Q115966277	ZIOILIBSCHTXHY-UHFFFAOYSA-N
Q115966280	PYSODLWHFWCFLV-UHFFFAOYSA-N
Q115966281	BXIPALATIYNHJN-UHFFFAOYSA-N
Q115966285	GWNVDXQDILPJIG-UHFFFAOYSA-N
Q115966292	ROAIVZJRBNAGQS-UHFFFAOYSA-N
Q115966300	WCWOFHVXAKLKQU-RMKNXTFCSA-N
Q115966302	SWIRXFDVWXVYJH-UHFFFAOYSA-N
Q115966303	VJJOPIQDMMBDHB-LBPRGKRZSA-N
Q115966304	PVRWALNQIKMKBK-QVDQXJPCSA-N
Q115966306	VDTSFFJHHRESQP-RRKGBCIJSA-N
Q115966311	JIJNZYGKBCXMOO-UHFFFAOYSA-N
Q115966313	YKBFJDWKTZFBFD-UHFFFAOYSA-N
Q115966314	BDQAGXXSQKZFSS-UHFFFAOYSA-N
Q115966318	GSDCFHQKIFDJGB-UHFFFAOYSA-N
Q115966324	UQUKVKMRIVWJNS-FLIQGJDUSA-N
Q115966522	ROIUBSDBUACGGP-HNPWBXESSA-N
Q115966523	SCANIPNDFBXCDO-VBCRDMQMSA-N
Q115966528	LPDLLEWSLYZCOC-SIQKIFQBSA-N
Q115966530	IWIBKNRYVHDQHU-UHFFFAOYSA-N
Q115966531	MCGBJAYWLFYYJH-LRIWWYBNSA-N
Q115966533	CEMMFWBLFIAHDO-IZGRHMBUSA-N
Q115966540	OSWYZUWLLAOJKK-UHFFFAOYSA-N
Q115966545	GUUIRVFLILUCRL-PLUXSBPDSA-N
Q115966546	VAWXDOOFPWDVPC-XQGMFAHKSA-N
Q115966551	HNJISOISTGHIEE-PFFDZEIZSA-N
Q115966553	HXILYTQMWOYCAT-IONYDWJHSA-N
Q115966555	XQVNGPCRGYMCIR-SFHVURJKSA-N
Q115966556	JDZBITULCWBIMC-IRKMUFJMSA-N
Q115966558	ZYXKWKYFPFVOAL-WUXQPFAESA-N
Q115966560	CFKUXGMWJIWBHI-BYCMXARLSA-N
Q115966562	BIOOLEHEEDQHNH-QXTLHTQPSA-N
Q115966568	YKAGAUKZQSESET-DVZOWYKESA-N
Q115966569	GWAJLWJSMZQRPE-FOLDLWRQSA-N
Q115966581	PTAOGUZRPGZTHF-FAIXQHPJSA-N
Q115966588	QKXAGRZCXAYBQX-UATDQJHISA-N
Q115966592	FEHZXRNYETYZHE-QVZPHOOKSA-N
Q115966596	NNKJYMDNJZVRFF-WBACSVBBSA-N
Q115966599	QQHDMRQEBBKJIQ-FYMUVSDDSA-N
Q115966603	NHFBSYGERDOQET-LNTHSHFBSA-N
Q115966604	PNJDFZNVNWQTFD-POBIBMPOSA-N
Q115966606	LLIPLAYBUOQFER-GILZBSMMSA-N
Q115966608	BBRQXPPJMGLPCU-RTTFQUHKSA-N
Q115966614	XUNJGSUVBZMUDR-CXAUPMHNSA-N
Q115966620	UAUBCCRPWFJTQA-OPOAMCISSA-N
Q115966629	SNZQBBATMLGADX-CDVAXDTMSA-N
Q115966651	FZORVJMAWWTYLA-JLHWGCSWSA-N
Q115966655	BRQTUFLANBMESD-DFVZQIDDSA-N
Q115966675	ICXFYZHWRHUXGN-DDMRXLIQSA-N
Q115966682	FYLUWBJINWEXIB-QLKAYGNNSA-N
Q115966690	INNCSLAJOWLWJY-DTHXJHJPSA-N
Q115966692	ZEUODJNSADRKJR-NNENYQEDSA-N
Q115966695	MKHDBFQTIUPTFT-DXMNWHDFSA-N
Q115966697	KIYXGLNKZKZJHP-LNBCOLIQSA-N
Q115966702	LUZUSWOXTSQZHB-LFHWQXBLSA-N
Q115966705	KWRQPASKWCJCPI-VWIOGRSLSA-N
Q115966709	BHPUPTSWPKUFML-SWYJLTNCSA-N
Q115966714	XXJNWQJWTGMXFZ-QLKAYGNNSA-N
Q115966720	FCAUUNRKGRZMEJ-GRTLOISGSA-N
Q115966726	HVIVBJVEAQHMTG-IUYQGCFVSA-N
Q115966730	CNBHUROFMYCHGI-ZOJSNPSCSA-N
Q115966733	JMQGEKVNXDAXFI-UMZOETFRSA-N
Q115966737	JGPJOBKNJPPDNO-PUPMMZHASA-N
Q115966741	XSYZYNNFQKBTTB-BTXWTGEUSA-N
Q115966744	SNZQBBATMLGADX-OYLOMWMRSA-N
Q115966745	XPDHVQUZVFHQNW-DZXSPZCNSA-N
Q115966747	XPDHVQUZVFHQNW-ZSLRCHCDSA-N
Q115966757	CBWMFTMZESYHBT-KWUVHTBZSA-N
Q115966759	LDGOKVOMVZXPJV-IBCQBUCCSA-N
Q115966761	RKKLMLPXHGWOKI-FXHXVMKNSA-N
Q115966762	MQUXQBHHZDPZOB-LNEUUDGLSA-N
Q115966775	WTTXOCIXCSNVQR-QLNTUUFASA-N
Q115966776	QBYMPSZQBDARHI-ZJLRUGLKSA-N
Q115966786	BLUAFEHZUWYNDE-DKGJTOOQSA-N
Q115966801	DATCMCBQCCLKRF-HMSDPZTLSA-N
Q115966806	UEJKTNXAIXCFSD-RLPYETMNSA-N
Q115966807	KKSJLDNZJFUGNY-SWNXQHNESA-N
Q115966811	KCCCPXKQCGHGDT-LMXLVEHLSA-N
Q115966816	IADUHWGVUSHTRQ-UHFFFAOYSA-N
Q115966817	LNTOLDCVMUNKRU-GVZBEMDZSA-N
Q115966820	AAUDVCPRPMQVGQ-NLTJIPSISA-N
Q115966823	ACWOFCGWVYPIOV-NZDJRGLDSA-N
Q115966827	IFDACTUETOBZBZ-SLEJCULNSA-N
Q115966832	QGQNWQZNFRNVLW-DAXSKMNVSA-N
Q115966839	WHFAOUCEPORYER-UHFFFAOYSA-N
Q115966842	QRNHQHNHLDEWOS-BZFPBGGSSA-N
Q115966856	HWFGKGTUJQBDEU-YWZYZHMESA-N
Q115966874	UHKZBJRPJJUPOP-XODBJYQLSA-N
Q115966902	NNKJYMDNJZVRFF-UDQGFCAVSA-N
Q115966911	VOJUAGSYDJPMCX-JUXQZVFASA-N
Q115966933	FEHZXRNYETYZHE-NJURUNNASA-N
Q115967194	HQKNXSLBDXDYEF-BPBRLBPSSA-N
Q115967214	OTCDZQGGBMJUOA-UHFFFAOYSA-N
Q115967250	MHOOPNKRBMHHEC-YEMZYZDBSA-N
Q115967264	QCDMTOVBPFQXMT-UHFFFAOYSA-N
Q115967265	APVUNYPUJLEPIY-DAXSKMNVSA-N
Q115967271	JKOQQSVLZXLHME-BGNPVGGSSA-N
Q115967278	XOYCJCSLHCTYSV-CUHSMEASSA-N
Q115967288	FAIWITAHODURJZ-HJPIBITLSA-N
Q115967300	GDBZTZISXRIMID-VKJFTORMSA-N
Q115967408	WJUCKDQZAWZICN-UHFFFAOYSA-N
Q115967582	CHRQWEAARHYJPF-UHFFFAOYSA-N
Q115967645	BURLCNUJBHPOOO-UHFFFAOYSA-N
Q115967755	XVHXALVCAPLJJX-MREKWHMCSA-N
Q115967915	VQZLIWRZAATHOG-IMDJIWFOSA-N
Q115967956	QKBMWRGCXJWSPL-SRVKXCTJSA-N
Q115967971	AEVJUXOVPDPKGQ-JFJWUTIJSA-N
Q115967977	DKIUYQSXDHVEST-UHFFFAOYSA-N
Q115968022	QIUFBGKZPHXTFG-SMVHEGPUSA-N
Q115968062	PCKDIVVCHMEVBB-WWWBCOLUSA-N
Q115968093	CLJMUGBMMVBGHE-UHFFFAOYSA-N
Q115968105	DOVKRLBLJULZLC-UHFFFAOYSA-N
Q115968124	DZPUCNLUXQSVQK-SXHVIGTBSA-N
Q115968137	VWGBTUVMVDGTRM-OHWBNNGYSA-N
Q115968140	DJJADQVSTCYQOH-UHFFFAOYSA-N
Q115968144	GXRWVRIIMWGLKI-UHFFFAOYSA-N
Q115968151	QVGYFOADABRHJT-UHFFFAOYSA-N
Q115968156	LVURVBKIEAMRJF-UHFFFAOYSA-N
Q115968163	CDGFAAZFRCAPHG-UHFFFAOYSA-N
Q115968173	KKQZGPSOJHPQNX-UHFFFAOYSA-N
Q115968189	BHPIIQWXAQWASX-UHFFFAOYSA-N
Q115968206	KBYDHOPBQPIANF-UHFFFAOYSA-N
Q115968223	CKBITDZINZYBOF-UHFFFAOYSA-N
Q115968231	RIXDFYAJYWMUMR-UHFFFAOYSA-N
Q115968237	CADKOFRWMORBOD-BPZRQAJTSA-N
Q115968259	WGRNQBCIHDDIMK-UHFFFAOYSA-N
Q115968269	YAXFLCDQLAZOPS-UHFFFAOYSA-N
Q115968279	OAEPKMHZKLINLT-LEYZZPCFSA-N
Q115968288	FGMVUGQMSRSYDL-BREQBSMRSA-N
Q115968293	DHFXPJCRRFHREQ-UHFFFAOYSA-N
Q115968314	DBCQMKCVCVQAIR-UHFFFAOYSA-N
Q115968325	YGEWOUKODMKTSV-UHFFFAOYSA-N
Q115968332	DOWYNWQUMLPHSD-UHFFFAOYSA-N
Q115968334	IMCRQBUQWXZEDV-UHFFFAOYSA-N
Q115968341	CSJIHBJWGQPLPI-UHFFFAOYSA-N
Q115968373	VLQHHSUVYKIMDZ-UHFFFAOYSA-N
Q115968393	QWOYPEOOXLREKN-UHFFFAOYSA-N
Q115968404	CTTYDJGTGLXWOB-GCJOFGIHSA-N
Q115968409	CEDAETVGHBUTFR-UHFFFAOYSA-N
Q115968419	VCKSKVYWAGYOOM-UHFFFAOYSA-N
Q115968467	QBUHMHYOJMSWCT-UHFFFAOYSA-N
Q115968486	NRWLZMLCGSBEEU-UHFFFAOYSA-N
Q115968493	XEVRMEYBJMMBCW-UHFFFAOYSA-N
Q115968498	LBTUMRYFDFRELU-UHFFFAOYSA-N
Q115968503	MHUCDSJUECUYSY-UHFFFAOYSA-N
Q115968507	AGZMSHUZAZHKKN-UHFFFAOYSA-N
Q115968517	SKICFPNTUBLCSB-UHFFFAOYSA-N
Q115968522	MROCGOLKYILTRS-UHFFFAOYSA-N
Q115968526	WMLLQNMCBDBSNU-UHFFFAOYSA-N
Q115968554	KTGCZVGZDIAKGB-UHFFFAOYSA-N
Q115968561	RZVOPZIGXRIWOR-UHFFFAOYSA-N
Q115968567	HBXWLQXJFYLQHO-UHFFFAOYSA-N
Q115968569	YAHGGOMMTCUKNA-UHFFFAOYSA-N
Q115968581	RXYDWKRNAAUTGN-UPFCRCPTSA-N
Q115968586	NZKRQIBWUBZFOS-UHFFFAOYSA-N
Q115968591	MCZNSDJWUTUCQD-UHFFFAOYSA-N
Q115968606	NRLHNKOYUVCFAL-UHFFFAOYSA-N
Q115968613	UXVRDUFFNLUIPX-UHFFFAOYSA-N
Q115968618	QHGRJGHURLLBFR-UHFFFAOYSA-N
Q115968630	LNODMNUGJTVKST-UHFFFAOYSA-N
Q115968635	QZBRVSFQZQNRIB-UHFFFAOYSA-N
Q115968667	NVPNSJCIAIEYFV-UHFFFAOYSA-N
Q115968674	HUEGMMWEUQMMTG-UHFFFAOYSA-N
Q115968679	GULOTKMXYIEWNB-UHFFFAOYSA-N
Q115968691	LMYJHVXWGCYGHW-UHFFFAOYSA-N
Q115968694	NMYATQQEONGBHA-UHFFFAOYSA-N
Q115968701	GQGGGIGWHXSINI-UHFFFAOYSA-N
Q115968713	ZYJZOGQFALTEHI-UHFFFAOYSA-N
Q115968719	KVQQKKIHZWAGNU-UHFFFAOYSA-N
Q115968729	YHBLZPCROBSJLL-UHFFFAOYSA-N
Q115968734	NLCQIWZNCQRSID-UHFFFAOYSA-N
Q115968756	VSNSBSZXWOFUMA-UHFFFAOYSA-N
Q115968762	YCIBINBUYZMOOB-UHFFFAOYSA-N
Q115968767	NKOVQRFUPFBWGC-LRPQOPPLSA-N
Q115968772	XSPWOFSAKVZGQN-KAICPEJPSA-N
Q115968782	KHWKLNXMSVVKCH-APZDDUSUSA-N
Q115968785	KODLNBVLJHOXPV-IUZVLJPCSA-N
Q115968793	ISOGVTOTWKVAFW-UHFFFAOYSA-N
Q115968803	BXZYVDAASBLBQM-UHFFFAOYSA-N
Q115968838	NHTCAHYQNDAZCU-UHFFFAOYSA-N
Q115968844	MWZVKQTWQQAZKC-UHFFFAOYSA-N
Q115968879	BVUBTNCZSYXLNC-UHFFFAOYSA-N
Q115968892	DFVYLDHDFLHIAA-QSHSABCGSA-N
Q115968920	AITSBSNXXNIPSL-PDNGUNMXSA-N
Q115968933	UVNXQKRQDGRTSE-UHFFFAOYSA-N
Q115968947	SUSRJKSSWXDFKP-UHFFFAOYSA-N
Q115968964	LFXDNVNKLUPWOC-BRZNNSIUSA-N
Q115968978	WBUSIRVNFDKLKR-UHFFFAOYSA-N
Q115969018	UKKLQQNAXRBSIP-UHFFFAOYSA-N
Q115969049	DUUKAPWRHRHNBO-UHFFFAOYSA-N
Q115969066	CYFXYPOYWBHJDO-LCYFTJDESA-N
Q115969070	QMACPZZZSHLKJM-SNVBAGLBSA-N
Q115969080	MTWMBWDRYRDAQL-UHFFFAOYSA-N
Q115969085	KUKFFCSAEKBDJN-UHFFFAOYSA-N
Q115969095	ZXKMRIUULRZARB-AJWWNNKFSA-N
Q115969108	YTZARYJQPZLCDE-UHFFFAOYSA-N
Q115969113	GCGCZEGAELXNPM-KYKBPDANSA-N
Q115969117	PFIWRCVWRGIPSM-CKCPJULZSA-N
Q115969150	YYNGQYRUWXEJIJ-UHFFFAOYSA-N
Q115969155	GSOMSXJOAJCAIV-UHFFFAOYSA-N
Q115969178	KKPNGKXDFNCSEZ-UHFFFAOYSA-N
Q115969224	LYZVRGOEGVAFTF-UHFFFAOYSA-N
Q115969237	IKEWLGVYXICOOS-UHFFFAOYSA-N
Q115969246	WAGIIXLZRNZTQB-VOKYQHOCSA-N
Q115969266	KEIRAXFVAMECMP-UHFFFAOYSA-N
Q115969273	IYKBYZQSSGTINJ-UHFFFAOYSA-N
Q115969290	FVOWQABXUMZLHH-VZEFYGNVSA-N
Q115969301	NHJNNLRBLBVYRH-UHFFFAOYSA-N
Q115969307	BIASAWOVAQXHKU-UHFFFAOYSA-N
Q115969315	HXYYQLNMRLHXGK-RYYJQIQOSA-N
Q115969338	UVGXCJSBXINHLC-UHFFFAOYSA-N
Q115969360	HYNZAJHRFWJBPW-UHFFFAOYSA-N
Q115969367	WTELTUSRXDOCFZ-UHFFFAOYSA-N
Q115969379	LRRJMKSXWYAANN-UHFFFAOYSA-N
Q115969385	CMNGMGGJQXLNNS-UHFFFAOYSA-N
Q115969388	GPAACNGMYVWROH-UHFFFAOYSA-N
Q115969407	QVNOTNUGUHMPDI-UHFFFAOYSA-N
Q115969411	JWFFWURECCTPGO-UHFFFAOYSA-N
Q115969416	ZJRFPRYGQKEZIP-UHFFFAOYSA-N
Q115969421	WTTMVTRIBPKFQV-UHFFFAOYSA-N
Q115969427	FJLKAZQJDBQWKZ-UHFFFAOYSA-N
Q115969432	NGXMXBNROHVABT-UHFFFAOYSA-N
Q115969444	SHJJWNZZBFZGIB-UHFFFAOYSA-N
Q115969459	WCKNIJCEFGBCCT-UHFFFAOYSA-N
Q115969470	VFKFPZJHUBATFI-UHFFFAOYSA-N
Q115969495	FERCDEWAQLVSBE-UHFFFAOYSA-N
Q115969513	AOZKPYNHVKLJJH-UHFFFAOYSA-N
Q115969518	SWUCFBDPUPIURE-ZNJAMJCFSA-N
Q115969522	MJHMUTYZFNTLDJ-UHFFFAOYSA-N
Q115969533	UJAKOCAWBFPVIT-YOFQKRQNSA-N
Q115969536	YTPQEUBFYGPAJF-UHFFFAOYSA-N
Q115969544	VZHVGVFBXPWUHU-UHFFFAOYSA-N
Q115969584	MBBVSWDIGPICDG-UHFFFAOYSA-N
Q115969587	QINVJYDCNGLLNA-UHFFFAOYSA-N
Q115969598	BGZLDYWPLZVXDX-UHFFFAOYSA-N
Q115969610	AYTRFVUVSOOQBN-UHFFFAOYSA-N
Q115969616	PAVGTJUTHHTYIM-UHFFFAOYSA-N
Q115969621	SWIJWROLKBJDFO-UHFFFAOYSA-N
Q115969626	ARIBHQKYRYPXOK-UHFFFAOYSA-N
Q115969632	JLVNQQVLSLMEHM-UHFFFAOYSA-N
Q115969658	ZWDNNHBNGPVOJX-UHFFFAOYSA-N
Q115969665	GPKKBMBIACLQOM-UHFFFAOYSA-N
Q115969674	YMMNRYLXTXERPB-UHFFFAOYSA-N
Q115969686	BKRBXZYJRMXVNW-UHFFFAOYSA-N
Q115969709	IFECWTDQYRRRPG-UHFFFAOYSA-N
Q115969713	IKYOUWYBNIHMDY-UHFFFAOYSA-N
Q115969717	KOTKJJXIFZHEFY-UHFFFAOYSA-N
Q115969740	VEJOGRTUHYXNOZ-UHFFFAOYSA-N
Q115969748	JSERAMJUTPPHEO-UHFFFAOYSA-N
Q115969753	VNUHGFKQPBUSFI-QBFSEMIESA-N
Q115969762	DSIITKWHWXIOEY-UHFFFAOYSA-N
Q115969768	BXXPBXYXAWAFBG-UHFFFAOYSA-N
Q115969785	ADJGVADBICKKNW-UHFFFAOYSA-N
Q115969790	DZPPRTIRIIWSHG-UHFFFAOYSA-N
Q115969794	LAAZBSDOLUOJBG-UHFFFAOYSA-N
Q115969800	GNSBJLIUCRFMQF-UHFFFAOYSA-N
Q115969803	KVMSBPUIMUZEIE-UHFFFAOYSA-N
Q115969823	KCMPAPUQLCTKBH-AJZHOZJZSA-N
Q115969830	GYPXYJUUIBLXBA-UHFFFAOYSA-N
Q115969837	CNERBWCJPZWZQV-UHFFFAOYSA-N
Q115969855	PRXSAUGKOVQAPK-UHFFFAOYSA-N
Q115969865	RZSYGLBUQJUZDO-UHFFFAOYSA-N
Q115969867	GSNXGUOJUUWZMV-UHFFFAOYSA-N
Q115969875	FPHUJUDWFIGFAH-XKCFRZITSA-N
Q115969878	DATKFZMVDXINEI-UHFFFAOYSA-N
Q115969886	IAHVKYZPDVSMEF-UHFFFAOYSA-N
Q115969894	IYTJBDCGCIESLE-UHFFFAOYSA-N
Q115969904	HAIUXFZPIWZWTP-UHFFFAOYSA-N
Q115969913	BFGVFWWNBPNNKE-UHFFFAOYSA-N
Q115969915	RYNXSVDLWWRGRW-UHFFFAOYSA-N
Q115969922	JFEIXQKYVJTKKW-UHFFFAOYSA-N
Q115969932	SPZUMECVMNZCHK-BJMVGYQFSA-N
Q115969940	ZMXYZGGHZJZSCJ-GHMQSXNDSA-N
Q115969944	WHXWXHWHTQFRIM-UHFFFAOYSA-N
Q115969946	QBELBHLXULBXFK-UHFFFAOYSA-N
Q115969952	AINNINVYAFDFKK-UHFFFAOYSA-N
Q115969956	WICIHLJNNQJETR-UHFFFAOYSA-N
Q115969958	LXIQXFWXXPJPEE-NEYDLDDESA-N
Q115969961	NELRHPUZXIHWPT-UHFFFAOYSA-N
Q115969964	BXLJKAWHYOWTSY-TZTLJZABSA-N
Q115969989	SGEDHDKBIVWPIX-UHFFFAOYSA-N
Q115969994	PUTCMPIKZFJCJL-FOCLMDBBSA-N
Q115970003	BQLWDRCEVNYDMK-UHFFFAOYSA-N
Q115970008	WNBQUUXWPDCLBL-UHFFFAOYSA-N
Q115970026	RDGFOCPOKUUIFP-UHFFFAOYSA-N
Q115970030	UHBHNXZLILDFLM-UHFFFAOYSA-N
Q115970035	CGPBVNAIDFBRJG-ZRMZZLDZSA-N
Q115970041	USLIXTLJRXGPBH-UHFFFAOYSA-N
Q115970044	HJZIUUTWDFVGOK-UHFFFAOYSA-N
Q115970047	RKLCSLYSBLMPLN-UHFFFAOYSA-N
Q115970051	UFWMHWUUKNSLOE-UHFFFAOYSA-N
Q115970078	CVGNCBYJLNGWJT-UHFFFAOYSA-N
Q115970081	JYJGTUSFOKBNMA-UHFFFAOYSA-N
Q115970083	NSFZNZUBLBMNLD-UHFFFAOYSA-N
Q115970090	YQZUTLXALVVZEW-WHRCVXDFSA-N
Q115970115	IODSNYIAYCZZQE-UHFFFAOYSA-N
Q115970119	CTFSUCDHRVDRKG-PMTDCRIQSA-N
Q115970125	OKPUBHQTELTBJD-UHFFFAOYSA-N
Q115970129	YEUOZAYTBFZMCA-UHFFFAOYSA-N
Q115970134	WGYORXDPWQXLQS-UHFFFAOYSA-N
Q115970143	MFMVPOLQJBZZHS-UHFFFAOYSA-N
Q115970146	DLKOEMSGKYGCFE-UHFFFAOYSA-N
Q115970170	ZGUGMAZHVHIKQT-CABCVRRESA-N
Q115970176	BZSRRACZBYSKRB-UPMDXQIVSA-N
Q115970182	NIYUVOKMOQTBBJ-UHFFFAOYSA-N
Q115970188	KMRNOVUURVKRST-UHFFFAOYSA-N
Q115970194	TUQMMTAKBRFAGO-UHFFFAOYSA-N
Q115970199	SIWCLUVDCVTJDC-GLAPWGTMSA-N
Q115970204	BUTMKVMHHNGNTO-UHFFFAOYSA-N
Q115970215	VYPFYBBXIZBMND-KUIUNYDASA-N
Q115970222	QEJUNQAAYIZTBW-UHFFFAOYSA-N
Q115970227	HGMVESCHSMFWDD-FFHSXQEQSA-N
Q115970244	FDXWIBXGNSYWLQ-UHFFFAOYSA-N
Q115970262	RAAOQGUCUAQLHJ-YNGKBFMNSA-N
Q115970268	NEKARFIZRJHOEJ-UHFFFAOYSA-N
Q115970275	KSNLRAICCKNAFF-UHFFFAOYSA-N
Q115970293	KFEHMJDKBKJHRD-UHFFFAOYSA-N
Q115970296	NWCRCEJGWLWBDH-NVWYCCQMSA-N
Q115970301	GSIXJGGFGLGVPF-UHFFFAOYSA-N
Q115970307	OCZYALGLUPTEFV-UHFFFAOYSA-N
Q115970324	ZWUDUCJVIQMXIN-UHFFFAOYSA-N
Q115970343	XTFVFFOWVOQECG-GFULKKFKSA-N
Q115970357	BJSMUQGQPSXQSW-UHFFFAOYSA-N
Q115970364	JLPIBPUFZAMVBA-UHFFFAOYSA-N
Q115970366	IZTRDZUFWXLZDF-LGIAODJHSA-N
Q115970367	FXCKOZDDEQAWKG-ZSEBJGOOSA-N
Q115970369	OWFZFDMBILZALY-JKEQEFOKSA-N
Q115970370	FITQTWOHVZNKOP-UHFFFAOYSA-N
Q115970371	KAYVLEFKNGBWRK-UHFFFAOYSA-N
Q115970378	OUNVYFMBWBYCMV-UHFFFAOYSA-N
Q115970383	MCLQINMVIHROBQ-NUBJJLKJSA-N
Q115970394	QOSVVDSZORDOQG-UONOOGLHSA-N
Q115970401	JREXLOZERBCEHV-LLEYQMESSA-N
Q115970407	KQYXUZWQTVRPNK-DESGVGLMSA-N
Q115970410	LFQZCBSAAFCIGV-GABSKDJNSA-N
Q115970416	DIJWWMHOMAEIJB-UHFFFAOYSA-N
Q115970418	JUOXSCPARQIEMS-LVPXBQTASA-N
Q115970438	UGJXEHKMCJXGAZ-VLLJQWDGSA-N
Q115970459	BJDMHAYLPGRUFH-XRBUDWHNSA-N
Q115970462	SISZKTSVHKUZKL-HUYSPLOCSA-N
Q115970470	NNOMPFCNQCRAIO-IIYTZCCASA-N
Q115970480	RRCGIBQMOUEGNU-TXUMWKRHSA-N
Q115970482	DDBYFNVMRYVEDG-FWRBZCNPSA-N
Q115970485	GBKCPBPYMRGRKL-JSGMTKEVSA-N
Q115970493	IPIYDMBLPWQZGB-MZXZQTHYSA-N
Q115970500	JBEXIOMALXGGLT-JYMQXYNHSA-N
Q115970505	IZWXWZBLJVFVIF-GQANSBOFSA-N
Q115970516	UISVOFCCNUPNLI-YBHVUHJDSA-N
Q115970533	MMCHYQXMIUOBDF-DZFGGSJHSA-N
Q115970536	RVXIDAKARLZMMV-ATIRDTRSSA-N
Q115970542	FWXLARJJANLKJQ-BPNYYHPPSA-N
Q115970547	GOXDFVCHTSHAGI-SBNICUSFSA-N
Q115970549	UBUSWNRZXPOPGI-DMLAFKAMSA-N
Q115970553	MPUWYTYRUIPNBX-LXLCKQCUSA-N
Q115970567	JQEZXXRPUSQBOK-XZBNMAPWSA-N
Q115970581	GRHQTTJLYWYUIY-MMIHEUQKSA-N
Q115970598	IZTPZZVRYDCHRL-LUZQIQEISA-N
Q115970609	GCOWWPYRPQXGML-YWKCAHPZSA-N
Q115970622	VHZOZCRALQEBDG-IBVHABIXSA-N
Q115970661	BSALBDFYJLSIOZ-AJVVGMEXSA-N
Q115970682	LAKBZOLMESAODV-BZFPBGGSSA-N
Q115970716	YCPYGLZZONLPAF-YTVANOEUSA-N
Q115970721	LZWAOCORLSBLAU-FNSYIFFZSA-N
Q115970740	YCGYYZXBHVNOIX-VBKRYCECSA-N
Q115970745	UCTQGEZEUWGOLP-NKFLEMPSSA-N
Q115970748	JGPJOBKNJPPDNO-KAOXEZKKSA-N
Q115970751	RSGRSUVVCYUKLM-VNKGSWCUSA-N
Q115970752	VGQCVDQJFOPLQF-VENSNSCWSA-N
Q115970759	ULUPXGWQUJLMKD-VTVVOEPJSA-N
Q115970762	BBRQXPPJMGLPCU-CTDAYVEMSA-N
Q115970763	KCIYXMDQXNFJBA-BDNRQGISSA-N
Q115970764	HEMYFRUQBYQMQP-UEEAHXKXSA-N
Q115970767	YHZDBBUEVZEOIY-BBRMVZONSA-N
Q115970771	RHIUTYRDTYSZNQ-KAOYCELSSA-N
Q115970772	BVFYUUOKLFRDFO-KQFCMXPGSA-N
Q115970775	UVXKPNMTXXZBGO-ZTZPCQLISA-N
Q115970781	IFYZQJTXZKKJRE-UHFFFAOYSA-N
Q115970787	RKNMPQSLAZUFIT-KOQOFTCESA-N
Q115970788	CDFHJGSGTIXSQV-OLUDIIDCSA-N
Q115970791	NNYLIBUXJIIVQP-UHFFFAOYSA-N
Q115970794	MAIVUBJRXHFVCR-NYVKYQPTSA-N
Q115970797	OUHLKPMNPWFJMR-UHFFFAOYSA-N
Q115970800	DOFDCROREKDHFQ-WBKKBJJFSA-N
Q115970801	NBMLPYWHTNKEGI-ZNMOGHMFSA-N
Q115970804	DFZNKMAEHVZMHR-XLUQRUARSA-N
Q115970805	WBRUOKMAVDKRRI-JKGXIFKGSA-N
Q115970807	YGOXKKQINVFEEW-VDOJVPBCSA-N
Q115970808	OMKHKSWKBUZDCZ-IKIFYQGPSA-N
Q115970810	PDMLWQRUTOFRTQ-TYYBBMATSA-N
Q115970814	IOXLCTZITMJUKD-XZOQPEGZSA-N
Q115970817	IXSAUCJJJVVUBK-FVCPCXLRSA-N
Q115970821	RCGXNDQKCXNWLO-NJUUWEAHSA-N
Q115970828	HEHQDWUWJVPREQ-UHFFFAOYSA-N
Q115970830	AWCSFRIECDTPSB-AXGBLAMUSA-N
Q115970831	ZCRBTLSNHWRJKQ-KFOJMXJCSA-N
Q115970836	RQRINYISXYAZKL-UHFFFAOYSA-N
Q115970838	LXIQXFWXXPJPEE-KHPOWYRWSA-N
Q115970845	ILWNTPWAVWLUTO-UHFFFAOYSA-N
Q115970846	SBZMQFWYHDOLHG-LOYKUGLKSA-N
Q115970854	VOAICDJSPHYTRW-WEVVXLBYSA-N
Q115970855	ZHSDESSIIPCKOE-UHFFFAOYSA-N
Q115970857	CUGIPBLERMYTIN-SROYLKADSA-N
Q115970859	BICDXNLFAKAUHD-UHFFFAOYSA-N
Q115970861	DSYPJJKVKMKZTF-CEKHGXHKSA-N
Q115970865	KJYPJQDAWLIIJG-OUBUNXTGSA-N
Q115970866	NBSBUIQBEPROBM-ZEEJYZGTSA-N
Q115970868	VKBVOVVIAJLSTD-DUOPOEFESA-N
Q115970870	LQPXBFCRRISWAQ-UHFFFAOYSA-N
Q115970871	KYFLRKDPPWJMJJ-UHFFFAOYSA-N
Q115970872	VMYGGVVECNLRDR-SQJVNCCESA-N
Q115970873	RTCAWGMAJCOCBU-KHSIBGOTSA-N
Q115970877	RKPYEKHJNJZSGD-VDXHHQKKSA-N
Q115970883	DJTWVRFYCLANEW-KNYUPNGESA-N
Q115970885	LERBUEGMFSDFOI-KISHBQHMSA-N
Q115970886	HMSKAMXAOALZEP-UHFFFAOYSA-N
Q115970890	FZOIWHSLAFLUFZ-WTEFVWJFSA-N
Q115970892	MSZKITDBSCMEQE-UHFFFAOYSA-N
Q115970896	HTVBTQQABFDJOC-GJBMVETDSA-N
Q115970897	QEONKKKLMZXQFK-UHFFFAOYSA-N
Q115970899	NDMBRILKNZCXKI-MEJHGUQASA-N
Q115970902	KENVBTNDXSJZIM-RDIPFHLNSA-N
Q115970905	IYCVYYJRNGVIDZ-UHFFFAOYSA-N
Q115970906	DEEOMPQAWRRBPA-UHFFFAOYSA-N
Q115970909	YKZYUGMAWQCYJT-BVRVNSSKSA-N
Q115970925	SODFGPGANAUKFY-GBTXKKKDSA-N
Q115970928	CLGQXJMBZGYSJL-DNUHDEBKSA-N
Q115970931	AUEKROIOGGQZNX-UHFFFAOYSA-N
Q115970932	ZWXCBGUTACBDRV-LAJKYXRRSA-N
Q115970941	SUKRWJWSDOFKRU-WEVVVXLNSA-N
Q115970942	AIIFPMZCMGTNMA-GIITXSIFSA-N
Q115970945	ZETWZYZTZGZVDR-UHFFFAOYSA-N
Q115970946	UGJQEYPUVSKREF-IHWZMDENSA-N
Q115970948	UVEJZNPFUVMWRY-GFCCVEGCSA-N
Q115970950	RKQAGRNQCPPFNA-UHFFFAOYSA-N
Q115970953	JYTRVVXSKRNOSE-UHFFFAOYSA-N
Q115970955	ZCKWDAAWFMIECI-HOTGVXAUSA-N
Q115970956	HDQAHAYFRSTUFM-UHFFFAOYSA-N
Q115970957	UGANRKOCQOFTQY-AYZAQCOSSA-N
Q115970960	XYCATPIYKOARSZ-UHFFFAOYSA-N
Q115970962	JRQOVZFYMIMYDG-KAIQXEDGSA-N
Q115970963	FAXARKVDBXPYHL-LZZFVXCTSA-N
Q115970967	SAQDHRFQPZNIHE-FOYLRTFISA-N
Q115970969	JVRSREFREMTLSJ-SJMWPMTASA-N
Q115970971	JUFBJBDOBZYSDT-JCGDXUMPSA-N
Q115970975	DSWZWPQYGALTJZ-YLYRUQHFSA-N
Q115970976	OMKDPMNXJSYYQA-RMKNXTFCSA-N
Q115970979	NYDLEOBFZCBGIV-DCINASHKSA-N
Q115970982	GLSJOKVPDXVGNJ-PIRBCOHRSA-N
Q115970984	DSIJXDINISTSDT-REKRGYSJSA-N
Q115970985	QGYFHZBDXXNYAX-UHFFFAOYSA-N
Q115970988	NAHFQFLYAGOHFW-KRWDZBQOSA-N
Q115970990	GTZSDAILXWXHGN-DJQXRDKKSA-N
Q115970994	NUIVTFDVMXNHQW-UHFFFAOYSA-N
Q115970996	CHJPLPXYURJSLZ-UMIAAJJFSA-N
Q115970999	CKRIPUNIGXPSBL-KHWWGHEUSA-N
Q115971001	KOHPJQAINZLZJM-ADOIXGOQSA-N
Q115971008	DWJFKBPKZCZRDV-HMDXOVGESA-N
Q115971009	JKUXEKUGDNFENI-WQXAFCNFSA-N
Q115971011	PKOSEYTWPJOEAU-UHFFFAOYSA-N
Q115971015	JGBGTRQOJHIYLP-YXKLBDOSSA-N
Q115971016	PPQRONHOSHZGFQ-UHFFFAOYSA-N
Q115971020	FGUBEKCWBCCEIB-RFJFPQKBSA-N
Q115971021	ZXJXLYWWAZTGQD-REKRGYSJSA-N
Q115971025	DRSUNEPOPSULKX-UHFFFAOYSA-N
Q115971029	HSZTWKYZYXNVNE-ZBWDKIFYSA-N
Q115971030	WYPGIGRZEXKXIJ-LJQANCHMSA-N
Q115971031	VYYTVOLWMDFHRF-AFYVEPGGSA-N
Q115971032	IEHDMDFZDJQIHW-GBJTYRQASA-N
Q115971036	CUXAULQHGRSWLF-SJQKXPIOSA-N
Q115971037	ZCYAUPOUCSSQGA-TWCJCKDISA-N
Q115971038	KDMFRFULMYJOKV-UHFFFAOYSA-N
Q115971040	TXEVVAPERSDMTN-AHVTXZBESA-N
Q115971041	OCYQHXBOHOPBJF-HXUWFJFHSA-N
Q115971046	OJSONOXLRPJULC-UHFFFAOYSA-N
Q115971048	OLZMDDCORPZINI-HWKANZROSA-N
Q115971050	XGYHBOJIWVGQJL-IGZQQFENSA-N
Q115971052	JMGPVMSKBDXINI-BCSZRQCSSA-N
Q115971055	DBCOZDMIVDWFEY-JPELUSTASA-N
Q115971056	ODSMATIXIGGJSF-WUHFCIJJSA-N
Q115971057	DBMARRQLSJJYJE-YLSJZSDLSA-N
Q115971062	DJQLZKDZWLXHRN-VMGBWFIJSA-N
Q115971064	JHOMHDIYMKJFGR-XZJROXQQSA-N
Q115971069	NQFHUQWYFCXZHJ-GUTXKFCHSA-N
Q115971072	HFOHBOJAMAWSIQ-MYZSUADSSA-N
Q115971073	HSYVPCHWTWYJJS-CFBNSTTFSA-N
Q115971077	LFLODSREXVMKOC-PYDBRDJASA-N
Q115971078	HCNICOLIANUASN-LUVUIASKSA-N
Q115971079	FUVSQOKQZJCZKI-KNBMTAEXSA-N
Q115971080	IPIDJIFORCRBPN-UHFFFAOYSA-N
Q115971084	XXAVUEUAHANHQA-UOZQJPALSA-N
Q115971086	GEMGVIRCECKHHU-KRWDZBQOSA-N
Q115971087	AXWVGNIGFWHVNG-PKDARXBTSA-N
Q115971088	PHGYFUHDYXCSIZ-UHFFFAOYSA-N
Q115971089	JRWYAESVJOLYCQ-FBZMDERGSA-N
Q115971094	GVXDMEINDKETPJ-UHFFFAOYSA-N
Q115971102	XRQYFRAUVNEKLC-UHFFFAOYSA-N
Q115971103	SABMQBIFRDGLJC-VQTJNVASSA-N
Q115971104	KBYHHVDUHCWHTL-TZTCFGBESA-N
Q115971107	PBKVAXUNUBEUPO-UHFFFAOYSA-N
Q115971108	YZSWSCRLZYXTAG-AMNNVIRXSA-N
Q115971109	YWPKCZZSHZEQGJ-IVMLVQDOSA-N
Q115971121	YLRZIFDQYSWFML-UHFFFAOYSA-N
Q115971122	HPPVVFOROQZDCU-UHFFFAOYSA-N
Q115971125	LCWHTWNKEOSQBZ-UHFFFAOYSA-N
Q115971128	GJYUZTXDAIRNMY-SKZLGDCLSA-N
Q115971129	NFLQYSZZABCDFA-COBHXZBRSA-N
Q115971132	WEJSLDMJGNLMNH-OQTBWJFXSA-N
Q115971134	NQQQSEIHGNHDSY-UHFFFAOYSA-N
Q115971136	ZBKGROPBXVLTIM-CYBMUJFWSA-N
Q115971141	MKDQDJLCMZZFSP-UHFFFAOYSA-N
Q115971142	KIENGQUGHPTFGC-UHFFFAOYSA-N
Q115971144	NRPGDWNQCNAPIH-QQXPOAMXSA-N
Q115971146	QVMDIQLUNODCTG-TZMCWYRMSA-N
Q115971150	PHZALTCTMVZLIT-OASJIXJTSA-N
Q115971155	WHDXIPRXUGLIGZ-BETSTLOWSA-N
Q115971156	JLLVBLNOXMXTST-UHFFFAOYSA-N
Q115971157	SZXDNGVQRDTJSD-FOWTUZBSSA-N
Q115971158	GEWKQRPLHHMQHV-NZGZCVLKSA-N
Q115971160	JXDWMFMAEDSXNI-ROUUACIJSA-N
Q115971163	BUVLTUQXTVCQCS-YSINGAMMSA-N
Q115971164	ASJJKWKDJIMJAC-LBHALBOQSA-N
Q115971165	ABOXLMIYXNSNKX-UHFFFAOYSA-N
Q115971166	SYBLQDYULNRQHI-BSVNZDPISA-N
Q115971169	TZJHSZGEOBYNQC-XNCSJWBLSA-N
Q115971170	UEKOXTYTJRUVMS-QENDFCCOSA-N
Q115971174	FXKBZCHBQPVCPV-JQROWUMOSA-N
Q115971175	DUMWGVSBOMENMQ-INYQHVAZSA-N
Q115971177	PCNMKTARTWHJPD-QRVBRYPASA-N
Q115971178	GGKMREPTLMOPBL-TVNJJFAUSA-N
Q115971180	BFWZGAOENBIXKZ-UHFFFAOYSA-N
Q115971182	DRMCPLVVURJZEK-UHFFFAOYSA-N
Q115971185	DJQLZKDZWLXHRN-GOVDMQMQSA-N
Q115971190	GOGQWMQNSGROIR-CVOAXWMXSA-N
Q115971191	FTKRLILISOQTTL-OAHLLOKOSA-N
Q115971195	AGUVEQLHXOYHEK-HZUJZGFBSA-N
Q115971196	GPNCBCJEDRRCDW-UHFFFAOYSA-N
Q115971197	CMJMDHYIKZGKPX-ZYTMQHFNSA-N
Q115971200	ALOUDRBVNVHLJD-ODMQFXLVSA-N
Q115971201	OLRXRLGFFNYRIM-AIVCJUMWSA-N
Q115971202	OBBCTLJAZFKMAR-UHFFFAOYSA-N
Q115971204	HHWLRTMWEFHAJB-GTOZSZNGSA-N
Q115971206	CVNHWYCVZWPLHC-BLSNBZGRSA-N
Q115971207	GPFUEUABGPAZKE-BONVTDFDSA-N
Q115971209	VLODYJFIBXTMIL-SCDNXBIHSA-N
Q115971210	SBZMQFWYHDOLHG-OYEGYCAPSA-N
Q115971221	WJNCJJUXKGZWSO-KFGOBXQFSA-N
Q115971222	LFLODSREXVMKOC-ORSVPJRTSA-N
Q115971223	ZAOBGQIVGLMBGW-ZOTYWSTISA-N
Q115971225	GBYVKLYBZNCYGR-SOZACTAESA-N
Q115971226	VFVAGPWBFWJBMN-YUMQZZPRSA-N
Q115971232	JYDAADAFDSERAE-UHFFFAOYSA-N
Q115971236	WWBGSYMGCCKDNL-UHFFFAOYSA-N
Q115971239	GHPIXCFNRDYEIY-CGKWDSPJSA-N
Q115971241	FQOAVARCJFYMTA-BGMCZZGGSA-N
Q115971242	MSKFOQCDNOFJAT-LOSAUNKTSA-N
Q115971243	JWZRLBMQBJHZKV-UHFFFAOYSA-N
Q115971244	ACOQIWIMHKBYTQ-UHFFFAOYSA-N
Q115971245	WDOJQPRSZFSILE-MOHQACKLSA-N
Q115971248	JGIYRVDWRBKREW-MNBNSITNSA-N
Q115971252	WKBDCISNILFJRO-UHFFFAOYSA-N
Q115971253	FBVNXBCHCMKFIO-IVQVYTEOSA-N
Q115971257	ZBHKAVQUTTXIBM-KCPJHIHWSA-N
Q115971258	CGQOMZFSZIOBFO-PHFMIZANSA-N
Q115971260	JSTVAWBAYPLCTK-QLFBSQMISA-N
Q115971262	SIPXESDARIVPRZ-XYEPERKCSA-N
Q115971263	JHOMHDIYMKJFGR-UVBJJODRSA-N
Q115971264	WPOGFENDCMEDOX-CYAVBXGNSA-N
Q115971268	VVVQVJCSSXMDGD-UHFFFAOYSA-N
Q115971269	BOKKJSLANHYHCM-OMSYNNOCSA-N
Q115971272	ISQUAPWABROBTA-NKIPNZCZSA-N
Q115971273	HJMPLLRXUQKGPD-CJYWSPSDSA-N
Q115971276	WYUYCVBEFZMXHG-RZESOMJKSA-N
Q115971281	OAXGEVHOTKTLTP-UHFFFAOYSA-N
Q115971286	KOJCFMYSTWNMQW-UHFFFAOYSA-N
Q115971288	VNIIWYXDSWVLIC-UHFFFAOYSA-N
Q115971290	RPEHFWTYRBXFID-GPKRGPFKSA-N
Q115971292	ZXANGSXNJUQYEC-RUZDIDTESA-N
Q115971294	DQWBUINTTIQIMR-UHFFFAOYSA-N
Q115971295	CWIWNYOZGCYDSH-NEBZKDRISA-N
Q115971298	QVXMZFTWJVBUHP-UHFFFAOYSA-N
Q115971300	MXXZXKQHHMHAFY-UHFFFAOYSA-N
Q115971301	BNEIQGIAKQAPAP-QLXKLKPCSA-N
Q115971302	BLKSEVPCJYYCLH-UHFFFAOYSA-N
Q115971305	XYWJIADIOMLDJB-UHFFFAOYSA-N
Q115971308	BUWSAXYRPMZMDH-LGKAZVCASA-N
Q115971309	AXFKYKUPJMVMJF-RQNWORSKSA-N
Q115971311	USDXJUAYCMLRSA-JKGXIFKGSA-N
Q115971314	BANUALHDPUSWKA-MIQKEFBNSA-N
Q115971315	NJSZAOQCCDFSCR-UHFFFAOYSA-N
Q115971317	BSACXXWPBIKXAX-KCEIGVIJSA-N
Q115971322	HBPSJAROGOLATN-UHFFFAOYSA-N
Q115971326	OSHUTOTYCNDALZ-UHFFFAOYSA-N
Q115971329	BFCBPMHBCDYPJQ-UHFFFAOYSA-N
Q115971341	MJBPCNXBFKFDHR-JXTUTYPASA-N
Q115971343	DGJWZWWZALSTSU-VQTJNVASSA-N
Q115971345	VOAICDJSPHYTRW-USGZKMAYSA-N
Q115971346	JZNLEPLZUABCSQ-UHFFFAOYSA-N
Q115971349	CNINFNLNTWXYBJ-ZGQSFRNISA-N
Q115971350	PIJSZACUNSKNMK-RUKWKZBOSA-N
Q115971351	OHDFEAPOLLGWDM-YNFBSYAXSA-N
Q115971352	BSYVISHSTILZRG-KICIMKIFSA-N
Q115971358	MYFFDMMUGIQJQM-UHFFFAOYSA-N
Q115971361	CJFXDDUPHVDEGG-UHFFFAOYSA-N
Q115971362	LWOSIIPXAIJGAY-UHFFFAOYSA-N
Q115971364	ICMUIFDBEVJCQA-UHFFFAOYSA-N
Q115971367	UIHICLMRZPCSDR-GGMGRWIBSA-N
Q115971372	PTZNBCJWCJFLPQ-UYAOXDASSA-N
Q115971373	DNASROCQBJLYPF-YXHVYCKLSA-N
Q115971379	SZCBEZBTGMAMQI-BDANYOJNSA-N
Q115971383	XTOPGCHXRRKXJY-UHFFFAOYSA-N
Q115971384	QNSZKXIWPRPXNZ-IWMVHCAJSA-N
Q115971385	MBRGVPJSDHLXNJ-IOPSTANCSA-N
Q115971386	MQJKHEGATGSNOO-UHFFFAOYSA-N
Q115971388	HAEYCVQUAOMMJT-BRUKEMFCSA-N
Q115971394	IUIVRLHBHXFXOU-WFWUNYDFSA-N
Q115971395	OUAUZXNKBWLNAL-CBLPJQPBSA-N
Q115971398	HPMCDJQPMNPVHR-UHFFFAOYSA-N
Q115971405	PNEJWGWVXHGUHE-UVASLQTPSA-N
Q115971406	SGXPCZPZSRMJEW-UHFFFAOYSA-N
Q115971407	JRSLQKPYZJDQRG-UHFFFAOYSA-N
Q115971408	OWEIWANWIOORGM-XKDCPSQWSA-N
Q115971411	SGPFTTDYYHKZKM-SFHVURJKSA-N
Q115971412	JKZIWQIQWOVDEY-ZFWWWQNUSA-N
Q115971413	PJTTXANTBQDXME-UHFFFAOYSA-N
Q115971415	FXGOPLQBXJSIIH-CRVYFHMBSA-N
Q115971416	OCCYUODFQWSREN-APCQCXEZSA-N
Q115971419	JFWIMUNOFLJXJN-UHFFFAOYSA-N
Q115971420	UJRXHQSGVCEENO-DPEBDYKLSA-N
Q115971422	PTNZXCYCWIOQBJ-RDIPFHLNSA-N
Q115971426	OXJNZXDFVLDLEI-UHFFFAOYSA-N
Q115971427	UZJGCNYYJQMCGU-KFKYPFILSA-N
Q115971428	DJZXCCZVNHDZCQ-WEDQTLIRSA-N
Q115971434	BBXUSWJRNBGVRC-UHFFFAOYSA-N
Q115971438	QFCMNBMDGYCRSX-BEKKDYQOSA-N
Q115971439	WBKJUFCLVYOVCK-UHFFFAOYSA-N
Q115971442	WGBVRPRGSQVIMC-UHFFFAOYSA-N
Q115971446	QWMIBRJHEOXUQQ-ZRDDIVODSA-N
Q115971450	JELMVAZLLOYYPA-PSSDLFIRSA-N
Q115971453	UJMMSIVZESHDCI-UHFFFAOYSA-N
Q115971457	FXCFZWCWJOKPQP-WEICTTHSSA-N
Q115971460	QSOMGKKDJLUENE-DJWQHNRMSA-N
Q115971462	FMJFHKTWWXZEKF-UTMCGNCOSA-N
Q115971463	DDWHPHCYLJLNDE-UHFFFAOYSA-N
Q115971467	SAORJUUJHIHDBZ-LQXIYETRSA-N
Q115971468	RCOCBDNPQGVEDL-MAGAHFJTSA-N
Q115971470	YJWOQRZCUZROJC-PKFCDNJMSA-N
Q115971474	HEJIKSRLSZBPTF-UIBKQKSHSA-N
Q115971476	JUJVUYWEWSOJQD-NYKAJFIUSA-N
Q115971477	MBZRGKPODSCTEK-JMIUGGIZSA-N
Q115971478	AUAKLAUQIRQCCF-XMDALUGASA-N
Q115971480	PCONVUFXNJIGJM-YGYZOSCRSA-N
Q115971486	OKDIRXPPBVQCFV-JTHWEQIXSA-N
Q115971488	NQTRXUYMPWDISO-UHFFFAOYSA-N
Q115971492	QCPDBEXGCHOIDE-FJKCABEUSA-N
Q115971493	OHOZXUROIAUPQS-GWCFXTLKSA-N
Q115971497	UFZKIWXDBQIEHC-UHFFFAOYSA-N
Q115971499	MAZWKCZCDNQPQX-FNYQZHHJSA-N
Q115971500	JCZFNXYQGNLHDQ-UHFFFAOYSA-N
Q115971504	KEWBBYQPPLDYMS-DSYDWAPPSA-N
Q115971506	KNLHULLBWJHEPQ-UHFFFAOYSA-N
Q115971508	JXSYWKVPVCKAFM-IELRGYKMSA-N
Q115971509	MKPNQZDUYFWCKB-UAFBEPASSA-N
Q115971510	FHFVNFYWYHLICU-SFVPZOOPSA-N
Q115971513	KTHCTFNYBLHZHJ-UHFFFAOYSA-N
Q115971517	AJQVTLBXWHZZTD-GCAMXXLTSA-N
Q115971518	UWNPZJZWGPJILE-OLLRLBIBSA-N
Q115971519	CGGIDNHTNYWEBP-XKMQQPDDSA-N
Q115971520	STFSHYVJFWAGBH-UQQUTAMASA-N
Q115971523	IQJYOZIDRHQZPD-QOWPTCOOSA-N
Q115971524	SHFQHROZLCTSKD-JKSUJKDBSA-N
Q115971526	KSYYPAKHVKTWTO-DVXDUOKCSA-N
Q115971527	XGDDFXUHYBAVSO-SYUFGHMDSA-N
Q115971532	DYMHMVNPOXDPNU-SJGRWLJJSA-N
Q115971533	CTOXLMUTKJFNBO-BMIGLBTASA-N
Q115971534	MZRAWKILROXKNJ-AJJQXUGXSA-N
Q115971536	DOWSJIIZLUFMFM-DAFODLJHSA-N
Q115971537	DHURNPFAIHNJFR-UHFFFAOYSA-N
Q115971539	PVBMSUHGKBVKOK-AQTBWJFISA-N
Q115971544	RDSYSQGGMSQWHA-YKRFGYQSSA-N
Q115971546	ALQBGFIXBVZYPH-UHFFFAOYSA-N
Q115971547	NUIFRLHLYFQTFB-XARGSBJLSA-N
Q115971548	CKMRYCCFNVCXEC-UDKFSTSTSA-N
Q115971549	UCSJYZPVAKXKNQ-ZCTIVXDHSA-N
Q115971557	DNKBVIFTJDUGNU-IUFAESKQSA-N
Q115971559	CRROGTXEBBUBPC-FSRROQEFSA-N
Q115971561	YZSWSCRLZYXTAG-AUUDVBBZSA-N
Q115971562	ADXKEQTTZIGXQP-HZPDHXFCSA-N
Q115971564	GDWMSUVWYLGWMC-XKQNEOBGSA-N
Q115971565	CJCKUBTVXXKENB-DWMDIXPDSA-N
Q115971567	KNMOPFLBPXTWRO-QQPVYFFASA-N
Q115971568	FTQHVDBBSYLXIP-UHFFFAOYSA-N
Q115971570	WYAVBVMRROUTFP-PGAGNRFXSA-N
Q115971573	VITHJONQLOCSGP-WAZAZEMKSA-N
Q115971574	YRMJQCIKPXQIAS-UHFFFAOYSA-N
Q115971576	CWSYHNWOKDWRFO-QOSBJHQBSA-N
Q115971577	AKKLRAIOYFECEG-UHFFFAOYSA-N
Q115971578	SBJXTJWGZUTOCA-UHFFFAOYSA-N
Q115971584	NNDCWPOUIIRUDY-HZUZLHAPSA-N
Q115971586	ZPPOXVDQLJMPLN-JHHNBRACSA-N
Q115971589	FGRIKTIXJRDYDV-KOSKKJAWSA-N
Q115971594	PNVZCKPOXBYJKA-UHFFFAOYSA-N
Q115971597	YHIYWDHEVKPKDX-IBSYWUHOSA-N
Q115971598	LAONCLCOCCMFGL-NPMABZOXSA-N
Q115971601	WXIACXAKMZPXKX-UHFFFAOYSA-N
Q115971605	SQELMBRJXBCBPU-QBURUYPWSA-N
Q115971620	BPRXOIXJSLNVCK-KCEIGVIJSA-N
Q115971623	BLSJJGBHGVBYHF-XYHBIZDZSA-N
Q115971626	KKGVDBBMEXXFGZ-DAEDATHESA-N
Q115971627	FDCVVSTXMYZRHU-LUCUBEOZSA-N
Q115971630	QSYBSAJIPJBGMY-FQZBPHJJSA-N
Q115971632	DPLGBCYOTLDEHS-UXMAUYPJSA-N
Q115971636	BDUIIKXSXFDPEC-UHFFFAOYSA-N
Q115971637	DGVHJZPQGFRVEC-JBDXZHTESA-N
Q115971638	CYHQMEYJPYITRO-CAUTWDRRSA-N
Q115971641	KEEQQEKLEZRLDS-ZJYSOYOTSA-N
Q115971645	YHDCEAQTLJKEIK-PURYDZRESA-N
Q115971648	XKKQZJGDCFDION-UHFFFAOYSA-N
Q115971650	PQAYAZRCPJMQRB-ZEUNSOBZSA-N
Q115971656	QRKQNCKTZHZBAM-UHFFFAOYSA-N
Q115971659	DOAKLVKFURWEDJ-KUSUSGESSA-N
Q115971661	QIJXKOOPLDVFLW-UHFFFAOYSA-N
Q115971662	SORSUPGCQWSYDP-NRFANRHFSA-N
Q115971663	PRAYRCRGKLRNAV-DJNJKXPLSA-N
Q115971665	DSPYYNFPQSYRER-CMYSPNBMSA-N
Q115971670	QJGNRYWGVJQZJG-QOVOSSLOSA-N
Q115971675	QVZQBCOULZLZGA-UDCICVEGSA-N
Q115971677	PICZSRRDNJXWDK-ROMYUACXSA-N
Q115971679	ABFULTORXKEJGO-ROXXCFTPSA-N
Q115971682	QVFHATOJDLHYFF-UHFFFAOYSA-N
Q115971683	MSXKGFVHTYHBSG-PLBHUYDJSA-N
Q115971684	NMEMTQKUEVNSPV-UHFFFAOYSA-N
Q115971686	FFKWJFSRLHSMOY-AYVTZFPOSA-N
Q115971688	XISKMNBBUQQBBE-CKFFPJIXSA-N
Q115971690	RGBHJOOHGLFPBD-SYQTUFFBSA-N
Q115971691	XFZJEEAOWLFHDH-VLEWNFEKSA-N
Q115971694	VKKKAAPGXHWXOO-UHFFFAOYSA-N
Q115971697	RWTLLOHEXIZDCG-OSBPFAAZSA-N
Q115971698	WMQWIJXGKYDMAH-NOGOHUGQSA-N
Q115971700	VPTSIGLOHGXNBE-DWXRJYCRSA-N
Q115971701	VFAYVFXEKSOZAD-RQRAGIARSA-N
Q115971702	PKZPZOCYJCAPAM-ZSIZJZIHSA-N
Q115971704	XLLPTXXCNYIKSW-JEAPGAAPSA-N
Q115971705	VBAWYROZVIHNQI-UHFFFAOYSA-N
Q115971706	AUYPZMROTWAQMT-VOEXXSIDSA-N
Q115971708	RKDWMOUDQQGHSJ-KWRCPKMTSA-N
Q115971710	JXWVFTVEPDABMO-URIQBSJHSA-N
Q115971711	JYABDXCUYVPWOZ-KPYOQQNESA-N
Q115971712	IGMSWFSSMCZHFC-CUWDIPDHSA-N
Q115971715	PLGNVFSTPJUFKJ-REBCHJIISA-N
Q115971716	UPHJDFQLLYYANZ-UWCBEUHDSA-N
Q115971717	CMXFXKFVGJVYQB-RRXNIRGGSA-N
Q115971722	OSTSTDBIOSFKKP-QFAIYBIBSA-N
Q115971727	NCIVVGQMYOZDSP-MRXNPFEDSA-N
Q115971729	SAORJUUJHIHDBZ-YUYNQTRJSA-N
Q115971731	NCOKWRIBBVIWNF-JXKHWQEGSA-N
Q115971732	BJDCWCLMFKKGEE-CMDXXVQNSA-N
Q115971735	SKHDFIKUCOZOMN-OQYVTVKQSA-N
Q115971738	AEAWEKVTXUJHME-IVDHNXQLSA-N
Q115971747	WBQDAYWQELBEPU-FKKRYKJISA-N
Q115971748	JUSHCXMJWBJGNO-CLEZSSNSSA-N
Q115971750	UKMJCOXENYPZIK-KFWNZVQASA-N
Q115971751	AHOONYRTRBKKRD-GTVAQFAZSA-N
Q115971765	ZSNQZCIDICZCNA-UHFFFAOYSA-N
Q115971766	DVMUKIWOCNJTAW-CEKJLZKOSA-N
Q115971768	KJLHURDOQBQNIV-UHFFFAOYSA-N
Q115971772	HFTVDYJZMXDZLD-VOSAYKKMSA-N
Q115971773	QSEGGJPZRWJIQU-RZTYQLBFSA-N
Q115971774	SURXDMKZUNYPPX-ZTJZIPAASA-N
Q115971775	FTHMDNSUNBIFQB-GWCFXTLKSA-N
Q115971778	WCPPMAAKIAIVQU-KJSZBKDJSA-N
Q115971779	HGVKMRAJPCHSPC-WBRBWMDKSA-N
Q115971782	QNDWXVWVOUMVLE-JTHWEQIXSA-N
Q115971789	LXRKJCRDBCXEOB-CPFVQOQASA-N
Q115971792	WIDYUZWPFIHVCW-VDYGYMFZSA-N
Q115971794	DPBVLNICNRAIBD-ZSNVKQKJSA-N
Q115971796	ZZDKJSKHOPFHTQ-FMLPJPNWSA-N
Q115971798	JHOMHDIYMKJFGR-KNXALSJPSA-N
Q115971799	CGSGRJNIABXQJQ-ZJBFEGRJSA-N
Q115971801	FTHMLKSJOOGJQB-SYUFGHMDSA-N
Q115971802	CALBKLNDRWKGIU-HZCSJSIVSA-N
Q115971803	LGOFPEZSCRRDEE-ORKJHVQCSA-N
Q115971804	ZGMJBVAMASXYNT-CABCVRRESA-N
Q115971805	YVMZALAOEIHQPS-YEXRKOARSA-N
Q115971806	QWHKOZHKPNTTDE-SCTZCGFESA-N
Q115971807	GFUBBDUOFRQHPV-NQTVBVAHSA-N
Q115971814	ITPHOIFCAFNCLL-UHFFFAOYSA-N
Q115971815	WECAUVIWKBEGRA-DHZHZOJOSA-N
Q115971819	VEEAAQDGADVGOM-XRGAULLZSA-N
Q115971822	LQIPZGZUEUXKIL-UHFFFAOYSA-N
Q115971826	AAWDEFFPMVTDSD-HLHYQNRCSA-N
Q115971830	AEEFUJJCLNUIMG-QTTZVWFDSA-N
Q115971831	RTQMRTSPTLIIHM-UHFFFAOYSA-N
Q115971834	PZJVEAVRNIBRTI-BNTUKBAHSA-N
Q115971835	FBHYCDOVYMVLEN-UHFFFAOYSA-N
Q115971838	JZEMVIIHYVFXDH-RMKNXTFCSA-N
Q115971841	OJCUHOMXXINHDN-HSPKRFAFSA-N
Q115971842	FOHWARMRVFHGNY-HMIJOUIVSA-N
Q115971844	HFXBGHVPQYOIDA-CUWPLCDZSA-N
Q115971845	DUUKAPWRHRHNBO-GUDVDZBRSA-N
Q115971848	UVUNPNWYUZWJSR-IWWBZQJJSA-N
Q115971849	UFNLIQIFTAMKKF-XGGNSGRDSA-N
Q115971850	ZKJDMXKOBXJDDB-MGJCYGGASA-N
Q115971852	YZLWTTACHKQVGG-RBSDREOVSA-N
Q115971853	GSSOIEWPULPKPQ-WCAZLTAGSA-N
Q115971854	RKPUBRWKVODFQF-MOZMJWTCSA-N
Q115971855	GWKDEWRFZLOGGJ-QHSBEEBCSA-N
Q115971857	VRJRFJOZLRTXHN-MGYLJIMESA-N
Q115971858	IBUCSLMTZXQXRS-SHCZNAKKSA-N
Q115971861	WRKKEWYZNDIGPF-WCCQFKINSA-N
Q115971863	PNKMHEIEQKNTNH-UXZFHCIESA-N
Q115971866	YIIRKVZAEAXDAD-DZGCQCFKSA-N
Q115971868	HVKQNHOXWVLUDP-YUBFESQTSA-N
Q115971869	YJWGOAFXHNYHNJ-NJZXURIISA-N
Q115971872	ZUKZELAIKKOIBV-WEOHYBHHSA-N
Q115971875	ATKRAZULXLACEY-CEAGWFGBSA-N
Q115971878	AWRMGTNTGJOJPC-UHFFFAOYSA-N
Q115971879	SCUPHZKUVOJZFO-SYWZUDTHSA-N
Q115971882	WRPJAPNHUBUNQP-WDWWPNLESA-N
Q115971883	FFRGZQDHAFHQNJ-JNLQFZDWSA-N
Q115971884	PLQQUUFBVCDPMY-ZGQSFRNISA-N
Q115971886	CNUDIHDLCLICBI-YFKHBROOSA-N
Q115971890	RKLJPIHSUCRBKK-GLNNMULPSA-N
Q115971891	IQMDTYDEEPFVTJ-RELWSGITSA-N
Q115971892	DFIBTJXEVPMOBW-CFTAYRILSA-N
Q115971893	AWCMRYGZCXYBDX-UKEIELBDSA-N
Q115971897	DEVCJZBZINUWJD-UHFFFAOYSA-N
Q115971899	ULMXQCHYFQWPAN-MYDNPBMTSA-N
Q115971902	QNQLSTYQIWUBON-UHFFFAOYSA-N
Q115971908	BNVLXJXRCARHAN-JPIBFRPOSA-N
Q115971911	GDCIFFCZWAMXLE-XYHBIZDZSA-N
Q115971912	ORENNUJWZUSRAQ-LBJVQKSWSA-N
Q115971914	BRMKVVVHLLUSRP-WXKVZOSCSA-N
Q115971920	LMXFTMYMHGYJEI-ZAZKALAHSA-N
Q115971921	HVFBFUUUEIXKJL-UHFFFAOYSA-N
Q115971925	RHXXBQHEZAHGGS-MHSWQEBQSA-N
Q115971927	FLMJDSCWVOKENT-UHFFFAOYSA-N
Q115971928	DBKNDUKGRFEQOY-WFASDCNBSA-N
Q115971930	UZJGCNYYJQMCGU-BPDHSFJVSA-N
Q115971931	BTUICZZVRDNUHT-DHDCSXOGSA-N
Q115971933	KTSAHDYIMZIBQK-AMEQCIJUSA-N
Q115971934	SEZVTKPMWFBELW-UHFFFAOYSA-N
Q115971935	SMDXTTQKCKZIII-UAHXHWNFSA-N
Q115971938	BFUYKRQJXLLUTD-LRMBXVSNSA-N
Q115971939	MYLPJMHAHFPCII-UHFFFAOYSA-N
Q115971941	DYCRVGQTOMVHKX-GOKFXCSCSA-N
Q115971946	KNTWJKOMBDNCPG-CDHQVMDDSA-N
Q115971951	MZUPEDPADUBWHX-DBEYSSPPSA-N
Q115971952	IAICBPZDIBCDOH-GZECNAMISA-N
Q115971958	RKPUBRWKVODFQF-NEAGZGJDSA-N
Q115971959	VAMHEQWFNJSLHD-HNNXBMFYSA-N
Q115971962	FQVPJGXCVDLDQQ-SXIYMSMZSA-N
Q115971964	GUXDHNIKRQCWIE-KOQOFTCESA-N
Q115971965	KLUMKMWPFWOVPT-UHFFFAOYSA-N
Q115971971	XWOLPEBCTZRWEQ-REPSLIDKSA-N
Q115971972	AWKLTCRRBNVENE-GGWOSOGESA-N
Q115971976	ZANHXCFRKGGJIZ-GJZGRUSLSA-N
Q115971977	BFEICNQOVVWVIP-UHFFFAOYSA-N
Q115971978	HOWTUCZWGVMBAL-YGJWGCTESA-N
Q115971980	TZKWUDHMMMXQDI-UIUNBINMSA-N
Q115971981	MMYXXECUPOYZNE-UHFFFAOYSA-N
Q115971989	WGADBKFBBLVRKS-HWKANZROSA-N
Q115971990	YTNRRHWTGTXECY-DPJKXRGSSA-N
Q115971991	XGSFPXSWXKXIAO-ONOYHJLFSA-N
Q115971999	VAIKQMPTJSLADN-UJJHIDPJSA-N
Q115972001	WKGTVHGVLRCTCF-UHFFFAOYSA-N
Q115972002	XYBWMANIANAHHR-UHFFFAOYSA-N
Q115972004	PKICXNXDFYYYGH-UXLUHJRLSA-N
Q115972008	HVQYKJVJIUKLMD-UHFFFAOYSA-N
Q115972010	QSSVGKINWGXSOD-BQGOGBDGSA-N
Q115972011	OEPQDGZQGVNYOZ-WUHFCIJJSA-N
Q115972019	VJLBPOJPOUBZOI-JUALLIRVSA-N
Q115972021	OQZUXJCULSDFGH-AAMHRNTLSA-N
Q115972024	NHELFTYSELEEFD-MQBLNGIWSA-N
Q115972028	YXLPIHYAUVNQKP-AMUORIPUSA-N
Q115972029	BVPNOTWJHHTSBH-UHFFFAOYSA-N
Q115972034	WQNLIZGZVLXBKJ-ZKGWKYPRSA-N
Q115972036	XSGFSYWHURSQPZ-VIFPVBQESA-N
Q115972039	PLZLLRPGNBZDSI-ODZPEFRPSA-N
Q115972040	UMOXIFPTOXHFEO-XARGSBJLSA-N
Q115972042	WVKDDHFUHISZRK-UHFFFAOYSA-N
Q115972045	GBOGMAARMMDZGR-IYKJBVLXSA-N
Q115972047	MTJOXVIDHVPJAI-JUHXUHFLSA-N
Q115972050	RMLZCYHZZOKWOZ-WLKIXXSDSA-N
Q115972051	CBEGKNQNKAZQEF-UHFFFAOYSA-N
Q115972058	MOMBVLIMWZDBMW-GQPZWNIBSA-N
Q115972063	UGUIWCHMSBSERW-UHFFFAOYSA-N
Q115972064	UZHFRKPDXFJESQ-LBTVDEKVSA-N
Q115972065	XVUCUMWDJSQNSS-ZWZXQTEUSA-N
Q115972068	JSZUQPCUWLSQDN-XNBMOWNFSA-N
Q115972070	DYCRVGQTOMVHKX-JUZIFECCSA-N
Q115972074	SYYCVXBKKXKNIH-WUHFCIJJSA-N
Q115972075	FPJGLSZLQLNZIW-UHFFFAOYSA-N
Q115972076	KHBKTCPBYAPDFG-PGVHOUQQSA-N
Q115972081	QNNRBQAZGKCWPB-LYBSOCMJSA-N
Q115972084	CQZFMFFAWNQJAM-KBUPBQIOSA-N
Q115972086	AWHRZPYMXDYJBL-UHFFFAOYSA-N
Q115972088	YCZDXXPSFLIESY-UHFFFAOYSA-N
Q115972089	YRXFYJLGTKETDE-UHFFFAOYSA-N
Q115972093	YXMCTIRWBFEHRZ-GGXJYJQNSA-N
Q115972094	NPYCXZNBKIPHPL-XADGQDNFSA-N
Q115972095	RIUMTXABLIPQRZ-BTOBVQBBSA-N
Q115972099	YEJPXXGWBGULEA-GULAJQBHSA-N
Q115972102	ANLHCMIGMWZZOT-WMOMQMFFSA-N
Q115972104	DLCPEPBEODTUSV-OZBJMMHXSA-N
Q115972105	YVMUBJPWZKUGBC-BOFULNTQSA-N
Q115972108	SEKPJWXEBCJPDB-DHKSYGHDSA-N
Q115972112	MNKIEVSGOFWDIK-FICGGCHZSA-N
Q115972117	WAJCMVOJBHUQJX-KOAMMGFSSA-N
Q115972120	IRUMQVFKXWGYRE-CDAZIORVSA-N
Q115972121	TXEVVAPERSDMTN-YZKHETKUSA-N
Q115972122	UUHMOOKGLMRCGV-UEHCWCPDSA-N
Q115972126	BDUUDTPDYKKJPZ-YIKOMLBNSA-N
Q115972128	NMKVLUGRERNACB-SECBINFHSA-N
Q115972130	XDZABWPBMGZKKO-VNHYZAJKSA-N
Q115972132	KDLPGKIZDNSZPG-GBMUQSRFSA-N
Q115972134	CZWBKSDPBWNHGO-SXAPNVPWSA-N
Q115972135	JJULUJPWMFFHEE-GHEIDIDPSA-N
Q115972136	JLGOGFIHBRJQHY-PXOLEDIWSA-N
Q115972138	PXEKBQAJOBYINU-UHFFFAOYSA-N
Q115972143	IEIIMDQCRXORCD-UHFFFAOYSA-N
Q115972144	YQROCOXURRQVJN-OATVKMQWSA-N
Q115972147	CNAXYMJHMHYJAV-SFQUDFHCSA-N
Q115972149	RZRQXACFIDVPQW-RLNOTXJESA-N
Q115972150	HKSWNVKSXBFJGZ-YMILTQATSA-N
Q115972151	SFYSEZGEYNZKDD-DUMLXZITSA-N
Q115972153	GJEZZQVPWMCGSB-UHFFFAOYSA-N
Q115972166	KVPUYIZGNYXVQF-GGWQXSLVSA-N
Q115972170	JVEJEOJOFBJWSQ-VFGFNLGMSA-N
Q115972171	NXUSOOFNXQATTQ-NUEVAWMNSA-N
Q115972172	REIBNNXTGNIEKL-SUPLZDDESA-N
Q115972173	VBEJGGHQAJGWBV-UHFFFAOYSA-N
Q115972179	NBNARSZVIIGOEU-DUXPYHPUSA-N
Q115972181	GNPWDPZTRHBTJY-FSJNFLCUSA-N
Q115972182	FQHKKOGWSXLRAC-CPFSXVBKSA-N
Q115972184	NVVRSNBQOBTTIZ-DSXNIODISA-N
Q115972185	IPWXMGAKBVCNDA-YRPNKDGESA-N
Q115972187	LMBNOBPWWFAPHY-HJPIBITLSA-N
Q115972189	PENVEGQZHRPXNA-JKSKDXCSSA-N
Q115972193	FUDYGCNPEYKGHX-NQTVBVAHSA-N
Q115972194	SFFUOHPMNZBGBA-KPBBHIKHSA-N
Q115972196	VKEAHNPKYMHYJJ-AWAUJLNSSA-N
Q115972197	JGWPUKKXUOOCAI-NQDVMZHISA-N
Q115972199	VEJZPSFCBFZXDK-UHFFFAOYSA-N
Q115972203	FBDXHFAUDGSYEJ-UHFFFAOYSA-N
Q115972209	KMYWVDDIPVNLME-UHFFFAOYSA-N
Q115972211	LMZMZNYDMJLIQJ-BWPQMLQWSA-N
Q115972212	SAKGBVJMAACEPL-ZAECHEIGSA-N
Q115972213	KOHAOVSIVQWVAQ-IHJRPKSHSA-N
Q115972214	NEPZFTVFYFNITM-ZDUSSCGKSA-N
Q115972216	KBTSKABIWIUJAS-JJOYARITSA-N
Q115972217	WYGDLENLCOFIFH-UHFFFAOYSA-N
Q115972220	YPZSDWIWYLTCKG-UTXLBGCNSA-N
Q115972221	NLYIKAPLHGYMBC-NGUXECTASA-N
Q115972224	PWXAIDADKSQDLI-PBDJKOGPSA-N
Q115972227	RFJUQKNFCIENDA-WUHFCIJJSA-N
Q115972230	YNKRAOJOTOMKGJ-RFBKPKTBSA-N
Q115972234	PDCALJUWWJEWKR-LFGJQLCQSA-N
Q115972235	SICSPZGTMAHWBZ-QMMMGPOBSA-N
Q115972239	CXJHSAYGYXEWQG-OAHLLOKOSA-N
Q115972240	IOPDDPJESUGXJM-MZLHVQHASA-N
Q115972243	CVICOXSKVBRPGG-UONOGXRCSA-N
Q115972244	DLXCJIWTYVKNPT-LONWNBDUSA-N
Q115972245	GENOONIDHYPSGS-CFZHFNQVSA-N
Q115972248	UVWZKTRXHDNBIV-QDGSLSSCSA-N
Q115972251	NBCQVKIRQRHUQA-SOLHABFMSA-N
Q115972253	VTDIVMBLAPRDQL-AOAWJKDVSA-N
Q115972260	BKIGDOIHTKNDLB-PWHFZQNUSA-N
Q115972262	YMOPVQQBWLGDOD-UHFFFAOYSA-N
Q115972264	TZXHHXSEUPQHDR-ITLZUSRVSA-N
Q115972266	MLEYBVBRIZGXRW-BRUKEMFCSA-N
Q115972270	CMGDDPIWFSGFBB-VNHIAOPGSA-N
Q115972271	YHUFNQJZXTZGGB-UHFFFAOYSA-N
Q115972272	HBCNKOIWIKGWGW-PGMLLCDLSA-N
Q115972273	LPYZNRUFCNKPBN-CHSAHYMRSA-N
Q115972274	FRNBXEWJJPOLIW-VWMOTQSOSA-N
Q115972275	XFZJEEAOWLFHDH-WYHVTCEASA-N
Q115972279	CJUJDLFIAYZPPV-UHFFFAOYSA-N
Q115972280	KCPMACXZAITQAX-UHFFFAOYSA-N
Q115972282	NHRZKPRMGXJSET-UHFFFAOYSA-N
Q115972283	PYBQPMPMHPWQPE-SKULXOHFSA-N
Q115972284	BISKIPFYEROROF-SLUXLEEQSA-N
Q115972285	OQPSEMDHLSQEBP-BVPSZOQCSA-N
Q115972286	METCZOHMWLJDQD-BZXQSCCHSA-N
Q115972290	SLDFLLZOTYIENQ-PXJJFVDNSA-N
Q115972293	GCICTZOEXJFTCE-PVBQTEGQSA-N
Q115972296	LSDFNCICYFSHSD-YCLREWFLSA-N
Q115972297	FWTKVIBNWCLLSZ-BVPSZOQCSA-N
Q115972300	GVRZLCAYCZTYBS-IZYGUECGSA-N
Q115972305	STPURJFCGJMFJG-WAIKUNEKSA-N
Q115972306	RGIUMOMRONDUDR-PSJCQMAFSA-N
Q115972312	BHCRQXWMNOFEEK-BWZXQIPNSA-N
Q115972313	GYUMSFUODMAKEE-SDBOVWJISA-N
Q115972316	SSOHHNBBJBORRQ-ZLGUGJINSA-N
Q115972318	PEPCPXXSWRSYKW-SNVBAGLBSA-N
Q115972320	AHVMEOUMGSZORC-KGVSCMOVSA-N
Q115972321	WDQWJAUHOXOJKS-PAPYEOQZSA-N
Q115972323	OHHPIVQARTVVAB-BHCRWWKTSA-N
Q115972325	AJADRAOGQKSOHA-OXLVGFJZSA-N
Q115972326	YDAVVXOXSSFVPF-WNJXIGSNSA-N
Q115972330	NDGJGQKTUOWHJM-NKIPNZCZSA-N
Q115972333	YFQLVSYAEOZZDE-NDAJKOBASA-N
Q115972336	UOKVQQMBGVMXPU-UHFFFAOYSA-O
Q115972337	MRMDTKPKPZHCII-SLFFLAALSA-N
Q115972339	BUIZDOZHCCBXMD-UHFFFAOYSA-N
Q115972340	AQBNNSWAQPPMPF-ITTSEUISSA-N
Q115972348	MIZHVKCAJCIZAG-ZWDFGCBGSA-N
Q115972356	NEVJGTXBHJNFAZ-UHFFFAOYSA-N
Q115972359	ALOLYPRPZCCYEC-UHFFFAOYSA-N
Q115972360	CSOMAHTTWTVBFL-RRSCQWGLSA-N
Q115972366	RMUGCYNOXFBOIJ-JTZKRADFSA-N
Q115972369	QMQSJDGDSOBHKK-WVWQZMMTSA-N
Q115972374	YFCGPNLJGYFNHI-HCVDGQIDSA-N
Q115972376	SURWZKAHNYUGSO-QZRKZLGHSA-N
Q115972378	JRBBVWQSZULNCX-UHFFFAOYSA-N
Q115972380	HVRNYRWEDYWVRI-UHFFFAOYSA-N
Q115972382	ZDSCMHPEWOPANQ-TXECYITHSA-N
Q115972383	YILFKJNJQSLOHP-ALJFGJJJSA-N
Q115972387	UTPREPLHMAUQPR-RUZDIDTESA-N
Q115972388	YSSIADRRIPPTBF-QTLCYALVSA-N
Q115972392	WLXCNQWHYINXNT-WUHFCIJJSA-N
Q115972394	FLJZFCSEBDJGSB-NFHBSRIUSA-N
Q115972395	AYRXLPFHRHGXIR-UHFFFAOYSA-N
Q115972398	XFCPKLMYUIVQAH-NYWMLJFTSA-N
Q115972406	KSKMJXRSPAQZMX-WXJREWSDSA-N
Q115972409	AWCGFNVTZIPGNR-LWWUBMQGSA-N
Q115972413	OGLTZKBZQHLGMZ-XCYOOOBHSA-N
Q115972414	WRFIKQWBKYAFNH-FCZSHJHJSA-N
Q115972415	UUASDOALLGVGAV-UQGZKMHZSA-N
Q115972416	GOYZKWCPWBKPIG-OSEAVKMZSA-N
Q115972426	MKDKGLNKTMDNHY-URISWADMSA-N
Q115972430	AXMJWAXOECBZDX-PXFGEPOTSA-N
Q115972437	BJDCWCLMFKKGEE-RGTYBIICSA-N
Q115972441	RULJLNHGPJQXMT-UHFFFAOYSA-N
Q115972444	UOCCUNQTUJJNLV-RGKUESPRSA-N
Q115972445	KRODDZHZLZSLCJ-GZBTXMQWSA-N
Q115972446	SOOFHQDWPGSKDQ-RPZLJYRGSA-N
Q115972447	SHZQEBVNRJHIDY-UHFFFAOYSA-N
Q115972449	ZUJLXXQSXZGCEL-YTBAWSSWSA-N
Q115972451	GXNHOWJYEDFBSO-YIPCCIBASA-N
Q115972452	ZYZHKFUXMOZNNW-FRNPJSNVSA-N
Q115972456	VNYGDSNUPVEJKI-IWBCJCCCSA-N
Q115972463	WMZWPJLTTUCZTC-USWQBMKQSA-N
Q115972467	QONBOMKYCJJCSL-FAGJZEQXSA-N
Q115972468	FVRCOMHCXPIVCO-QRVBRYPASA-N
Q115972471	WBLPLQSOHQJUTK-UHFFFAOYSA-N
Q115972472	CTKQCMANATZERI-RQPXDFNOSA-N
Q115972475	LNAVIUHNKOJXGT-NCUMTQOVSA-N
Q115972477	GWBAKYBSWHQNMQ-UHFFFAOYSA-N
Q115972484	FTRCYARZOODGLT-UHFFFAOYSA-N
Q115972490	UFLSHMKXGZOAQP-UHFFFAOYSA-N
Q115972496	WQOCCMCTFUHAQV-HVTMNAMFSA-N
Q115972500	LGFRMTGWBFXONS-COBHXZBRSA-N
Q115972503	MOJZMWJRUKIQGL-VFNSKVJISA-N
Q115972505	BGUPHPAXCFTSCP-PCMRRQHTSA-N
Q115972506	IJDXBTKKTDHRMD-OEGXZRSOSA-N
Q115972508	DBCOZDMIVDWFEY-XIKBMZRYSA-N
Q115972509	GDMKCWSZMAFALT-UHFFFAOYSA-N
Q115972514	ZGFCKZHTZDYEGX-HYPRSTRGSA-N
Q115972517	CYXDVBHWKYFDMV-XVMARJQXSA-N
Q115972519	DNXLSRJAZPXDEW-AUMDUIGHSA-N
Q115972521	BYWWTSFMTOYXHJ-OTNCWRBYSA-N
Q115972528	STXAPFNADPYWQD-PHFMIZANSA-N
Q115972532	VUCWYSSAWBIAQA-CFFZWGQDSA-N
Q115972533	FKRFJHOXCALPQD-ZWLJLVSUSA-N
Q115972540	GVRZLCAYCZTYBS-CRZBWDKISA-N
Q115972541	XQHOYOKXFNTNQZ-NKWVEPMBSA-N
Q115972542	NZIVCAVTGFEAJT-URICFWNTSA-N
Q115972551	ASBMNUFORNXXBM-VXEUVAGVSA-N
Q115972555	AJADRAOGQKSOHA-SBAFNHGKSA-N
Q115972557	DGQPZGGOYKKJLX-HBMALLAXSA-N
Q115972558	AYLFWCSLEMSJJA-ZXRBFCLPSA-N
Q115972560	LRFLSZUUMSTQQS-VJRJHYMUSA-N
Q115972564	SBPITDGJJUDTNS-BMBXHSQUSA-N
Q115972567	ROAFHQWPBLFDBN-UHFFFAOYSA-N
Q115972571	JYWRCSAWBUAIFO-GHXKBSEOSA-N
Q115972576	SJWINKDBDHFDEN-WEZFAZIHSA-N
Q115972577	GCQLGPVQNVMFBI-WVFQXUQHSA-N
Q115972579	LADQDFYODAXMCF-NWKXPKBNSA-N
Q115972584	BUNHUBOUWUFQOL-KCVARHBBSA-N
Q115972585	WVSIBFDYALDOEO-GHLJBXRJSA-N
Q115972586	FQIADTNEIOLURP-GRLWGSQLSA-N
Q115972587	UXBVXYHMEYVPAC-IKIFYQGPSA-N
Q115972589	LVIBXNKBZPAXGS-UHFFFAOYSA-N
Q115972590	AUXPTCQGDZVDQE-UHFFFAOYSA-N
Q115972591	SWBYAKHCJSRELV-UHFFFAOYSA-N
Q115972593	DAGDLSWYIIIMNT-CKNZTSMPSA-N
Q115972599	BHQKBUUYUQPHNG-QYIRSJDHSA-N
Q115972602	GUGWWNGSTOHWGD-UHFFFAOYSA-N
Q115972606	SVHYJRPBSSMUDB-SRIVDKISSA-N
Q115972611	XYGOQXIIYXSIFJ-DGHBLSDNSA-N
Q115972612	KJZPRGNCDGAUNA-WZEAMOGMSA-N
Q115972615	PHMCEHCWRBPJFN-XRZCPCJNSA-N
Q115972622	GRGBTCMGCXJTOO-OQKZOFOUSA-N
Q115972623	UQFRWBRHRWRNEJ-QPKNLUEJSA-N
Q115972628	OZVXBHLNNXMYQJ-HIKJQHPCSA-N
Q115972629	ABGLIBVHQPDKHL-WKLMKUDMSA-N
Q115972635	VOZPCPOOSANQSB-UHFFFAOYSA-N
Q115972637	DBNKCYNGQHTYTL-ODIOQXOVSA-N
Q115972638	CIAXMCRPZGPGCZ-NUIOIGEXSA-N
Q115972640	MJUADZKGMHCOAD-XREFXFLDSA-N
Q115972641	MISGGUIXTUJDMZ-GOVKRTMVSA-N
Q115972643	CQCKOPHUTBMXHC-UHFFFAOYSA-N
Q115972644	NXBPPFVGBDRIOZ-NOEJSRFCSA-N
Q115972646	JGVWYJDASSSGEK-WCBMZHEXSA-N
Q115972648	ZYTMANIQRDEHIO-LPEHRKFASA-N
Q116011620	YDOSHXAMLRSCKS-IPANDGBHSA-N
Q116011622	YUOIZQYKJGLEKZ-JDNCVLFSSA-N
Q116011623	LRRAPLGHLCOGIZ-QHSBEEBCSA-N
Q116011624	BGDSBDCQMDCPDW-WHTLWQDESA-N
Q116011730	JXYBCZIYVDPBEN-UHFFFAOYSA-N
Q116011748	VVZLRNZUCNGJQY-UZMZHEFNSA-N
Q116011751	FPDACXQNUTXDCF-SJORKVTESA-N
Q116011795	RYRNUMFSMGLTQX-PVJNVOBXSA-N
Q116012698	QZSZPSDRJPPZDZ-OAQYLSRUSA-N
Q116214083	FQWSHTCXTQFHJZ-UHFFFAOYSA-N
Q116241513	MLOIPFPOSFHITC-NPEZIVKXSA-N
Q116395575	ONBWJWYUHXVEJS-UHFFFAOYSA-N
Q116450197	QPCFHDQETKDGHT-UHFFFAOYSA-N
Q116457611	XSASRUDTFFBDDK-UHFFFAOYSA-N
Q116457930	RTJQABCNNLMCJF-UHFFFAOYSA-N
Q116462432	APEGZJKYOJZGKH-UHFFFAOYSA-N
Q116462595	DQQKEYDDVSREIE-UHFFFAOYSA-N
Q116465904	HVYYIBQNFNSMLO-BDAKNGLRSA-N
Q116482353	BYCBKRGQDGTNSG-GEAJLEHFSA-N
Q116488609	JOSJZPLSVYWPAG-UHFFFAOYSA-L
Q116488619	OCDFTWVGTADYMH-UHFFFAOYSA-N
Q116519420	BYWRZYACOWEUCQ-UHFFFAOYSA-N
Q116948142	MGPWSOJHWAHFQH-UHFFFAOYSA-N
Q117838071	SERLAGPUMNYUCK-DCUALPFSSA-N
Q118242366	UEDUENGHJMELGK-PEKONUEISA-N
Q118242369	NLZFTTQPFPQXDX-GGCBZCCRSA-N
Q118242370	XIRGHRXBGGPPKY-GMJOKQQKSA-N
Q118242381	YZIOORMSEXDTKB-KYZCGQPPSA-N
Q118260694	XIRGHRXBGGPPKY-DKRKQUPTSA-N
Q118260906	FITKNOXUZMZBOD-JULIVYTNSA-N
Q118469374	CKIQGFVEMXGQMC-UHFFFAOYSA-N
Q118524029	SZCZSKMCTGEJKI-UHFFFAOYSA-N
Q118546919	YEBIHIICWDDQOL-YBHNRIQQSA-N
Q119315574	CGRCGRBHNKRILW-PEZBUJJGSA-N
Q119315883	DZFFFNBFSIGFMU-FFAWSATFSA-N
Q119422789	ZCHHRLHTBGRGOT-UHFFFAOYSA-N
Q119796439	XTODSGVDHGMKSN-SIEIHWOKSA-N
Q119892519	OWFJMIVZYSDULZ-PXOLEDIWSA-N
Q119942148	RCINICONZNJXQF-VAZQATRQSA-N
Q119942211	NYWSLZMTZNODJM-YZTBHFOCSA-N
Q119953322	NJAVUVFOUFXADM-IGGZARBTSA-N
Q119953332	KFJDYCWHNVAADT-ROMGYVFFSA-N
Q120255195	UFANTGQGPFKCJT-UHFFFAOYSA-N
Q120357183	CHTOBGHTYDROBB-UHFFFAOYSA-N
Q120401394	MDQKYGOECVSPIW-UHFFFAOYSA-N
Q120409413	XIIBIBHNRAUEPK-UHFFFAOYSA-K
Q120410835	YAJCHEVQCOHZDC-QMMNLEPNSA-N
Q120446052	OSCJJMKLQGAGML-UHFFFAOYSA-N
Q120483589	BDTQHFBWYNCGHN-CUYCKOLISA-N
Q120567849	DVENVBCPDCQQGD-UHFFFAOYSA-N
Q120648870	IGHXQNDUQCTKSH-UHFFFAOYSA-N
Q120751333	WWJDLIUDQHFAGC-UHFFFAOYSA-N
Q121092484	ZZIKIHCNFWXKDY-FMIVXFBMSA-N
Q121092510	MKMOUQVTTUPKSO-KFWWJZLASA-N
Q121290074	PLLBRTOLHQQAQQ-UHFFFAOYSA-N
Q122346531	BGJGKWYENWOHQP-UHFFFAOYSA-N
Q122618283	MLQRZXNZHAOCHQ-UHFFFAOYSA-N
Q122750254	DBOZSKOENGSGEJ-UHFFFAOYSA-N
Q123343323	BJYLYJCXYAMOFT-SEZLTJOTSA-N
Q124079930	AFQPDONMRFOLIJ-UHFFFAOYSA-N
Q124253758	AVGPOAXYRRIZMM-UHFFFAOYSA-N
Q124386687	VAKXPQHQQNOUEZ-UHFFFAOYSA-N
Q125298243	ZLJVCXLTFBUWGK-IBEHDNSVSA-N
Q125544050	WCBPJVKVIMMEQC-UHFFFAOYSA-N
Q125569761	XYQQGESWGNLKIO-UHFFFAOYSA-N
Q125616410	FPMIEPCWEZBKGP-UHFFFAOYSA-N
Q125617838	XLTANAWLDBYGFU-ACDIZPBGSA-N
Q125699441	UVYVLBIGDKGWPX-XJVHMSFUSA-N
Q125699761	CEMXHAPUFJOOSV-XGWNLRGSSA-N
Q126476646	IGWQRYHQYGPQLO-UHFFFAOYSA-N
Q126596368	WHRVRSCEWKLAHX-LQDWTQKMSA-N
Q126609883	IUPHTVOTTBREAV-UHFFFAOYSA-N
Q126611651	BOHCOUQZNDPURZ-UHFFFAOYSA-N
Q126615080	BASFCYQUMIYNBI-UHFFFAOYSA-N
Q126615098	CZBZUDVBLSSABA-UHFFFAOYSA-N
Q126615337	GFWRVVCDTLRWPK-UHFFFAOYSA-N
Q126615672	STORWMDPIHOSMF-UHFFFAOYSA-N
Q126672890	DCXPBOFGQPCWJY-UHFFFAOYSA-N
Q126673070	WTFXARWRTYJXII-UHFFFAOYSA-N
Q129667395	GMSFXHLBYYCMAT-UHFFFAOYSA-N
Q129752338	LUGHFUPPCAAIHD-UHFFFAOYSA-N
